date,open,high,low,close,volume,source
2019-01-02,70.90886372,71.82362482,70.65803877,71.71296692,3297300,yfinance
2019-01-03,71.16705313,71.29984147,69.48507125,69.67687225,2705000,yfinance
2019-01-04,70.9605231,72.24414048,70.69494632,72.10397339,3347300,yfinance
2019-01-07,71.91214375,72.40640927,70.95311622,71.86050415,3795700,yfinance
2019-01-08,72.63512585,73.1146398,71.21134141,71.86790466,3034300,yfinance
2019-01-09,71.99327105,72.53918168,71.67606047,72.23671722,3678200,yfinance
2019-01-10,71.85313273,73.13674973,71.44738898,72.96707916,2432200,yfinance
2019-01-11,72.50969859,73.00396418,71.7867385,72.22937012,5282800,yfinance
2019-01-14,71.80150017,73.51299154,71.28509846,73.1367569,4731000,yfinance
2019-01-15,73.13675463,73.13675463,71.42526331,71.97116852,4777100,yfinance
2019-01-16,72.22198726,72.99658128,71.46214499,71.55066681,4463400,yfinance
2019-01-17,71.52117109,73.51299673,71.4105188,73.46135712,4004300,yfinance
2019-01-18,74.08840131,75.15070818,73.85233375,74.95152283,4249100,yfinance
2019-01-22,74.8777602,75.98432809,74.61956216,75.7482605,5593900,yfinance
2019-01-23,76.01381816,76.08020951,73.2105113,74.44986725,4573100,yfinance
2019-01-24,74.0367659,74.24332433,72.90806761,73.54987335,2807000,yfinance
2019-01-25,74.28758537,75.05480641,73.77118929,74.38349152,3445500,yfinance
2019-01-28,73.67527121,74.22855499,72.96706863,74.01461792,3126200,yfinance
2019-01-29,74.04413714,74.7523398,73.60888424,74.73020935,2209000,yfinance
2019-01-30,75.16545147,75.28348805,73.95560462,74.64905548,4013000,yfinance
2019-01-31,77.82859183,79.67287126,75.79988446,77.75482178,7327400,yfinance
2019-02-01,77.99087476,78.56628893,77.65152808,78.26382446,3526100,yfinance
2019-02-04,78.19743868,78.63268587,77.76956455,78.62531281,3184700,yfinance
2019-02-05,78.79499098,79.45893269,78.2269554,79.42205048,3690400,yfinance
2019-02-06,79.26713428,80.29255327,79.06057586,80.27780151,4490600,yfinance
2019-02-07,79.93109057,80.37371663,79.22288776,79.62863159,3395700,yfinance
2019-02-08,79.22286079,79.76139282,78.74334705,79.74663544,2951000,yfinance
2019-02-11,79.82778677,80.42533148,79.59171924,80.35894012,2765300,yfinance
2019-02-12,80.82370536,81.73109338,80.82370536,81.63519287,2881600,yfinance
2019-02-13,81.88600543,82.6679781,81.50239779,82.63109589,2731500,yfinance
2019-02-14,82.18846628,82.74912314,81.59829464,82.4761734,2359400,yfinance
2019-02-15,81.83437627,82.58683988,80.86797554,81.79011536,4273400,yfinance
2019-02-19,81.81223762,82.4392915,81.27370554,81.71633148,2658700,yfinance
2019-02-20,81.83436576,82.00404194,81.44337943,81.93764496,3346700,yfinance
2019-02-21,81.71632425,82.83027052,81.67206335,82.4466629,2260100,yfinance
2019-02-22,82.54259308,82.54259308,79.56223601,81.41389465,4085000,yfinance
2019-02-25,81.7859794,82.77574738,81.59993304,82.50039673,3112700,yfinance
2019-02-26,82.39618409,83.27432283,82.35897256,82.63432312,2927600,yfinance
2019-02-27,82.55248203,82.75340958,82.17294591,82.70131683,2620800,yfinance
2019-02-28,82.41106171,82.67152538,81.85292285,82.00920105,2843600,yfinance
2019-03-01,82.55993406,83.62411946,82.1208617,83.44551086,3904100,yfinance
2019-03-04,83.88457152,84.0185251,81.71898947,82.21759796,2730700,yfinance
2019-03-05,81.77853753,82.49295487,81.12365639,81.83807373,3150900,yfinance
2019-03-06,81.73388951,81.86784312,80.61761133,81.00458527,2679500,yfinance
2019-03-07,80.85574365,81.13853205,79.04737293,79.52365112,3979700,yfinance
2019-03-08,79.02504498,79.42690575,78.09481328,79.38969421,2648600,yfinance
2019-03-11,79.5310826,81.05665901,79.47154641,80.98968506,2963400,yfinance
2019-03-12,81.17572708,81.74130377,80.83340255,81.12363434,2549600,yfinance
2019-03-13,81.6520258,83.14784009,81.54784029,82.50039673,3323800,yfinance
2019-03-14,82.72363543,82.73851664,81.91991399,82.51525879,2539600,yfinance
2019-03-15,82.49296483,82.79064018,81.4287793,81.50319672,4874400,yfinance
2019-03-18,81.52551518,82.50783971,81.48830364,82.37388611,2394600,yfinance
2019-03-19,82.45574407,82.61946009,81.94225433,82.12085724,2940800,yfinance
2019-03-20,80.61760347,81.11620631,79.25574287,80.31248474,4199100,yfinance
2019-03-21,79.82876919,81.83807327,79.57574887,81.71156311,1819900,yfinance
2019-03-22,81.31712481,81.55526388,79.85108455,79.88829041,2727900,yfinance
2019-03-25,79.67993882,79.9701707,79.13668092,79.55342865,2088200,yfinance
2019-03-26,80.14130217,80.95990471,79.83618352,80.67711639,2204400,yfinance
2019-03-27,80.7441145,81.2203927,80.4910942,81.10132599,1911300,yfinance
2019-03-28,81.34689352,82.16550189,81.1310791,82.08364105,1621000,yfinance
2019-03-29,82.60457026,83.37108023,82.55247752,83.15526581,3428600,yfinance
2019-04-01,84.23433916,85.41759111,84.01852474,85.15712738,3721700,yfinance
2019-04-02,85.11991887,85.2464347,84.17480597,84.59899139,2456400,yfinance
2019-04-03,85.20920124,85.60361847,84.74780439,85.09757233,2556500,yfinance
2019-04-04,85.06039425,85.26132182,84.45760021,84.81481171,2889400,yfinance
2019-04-05,84.95621536,85.51435446,84.86691106,85.08272552,2487300,yfinance
2019-04-08,84.6362088,84.88178567,84.33109006,84.81481171,1854500,yfinance
2019-04-09,84.1450448,84.29387961,83.65388538,84.02597809,2230000,yfinance
2019-04-10,84.2194474,84.29386479,83.5794476,84.15247345,1767700,yfinance
2019-04-11,84.24175856,84.63618146,84.00361953,84.45757294,2384800,yfinance
2019-04-12,84.79248472,85.49201512,84.43527323,85.17945862,2853700,yfinance
2019-04-15,85.37295073,85.51434777,84.25667262,84.56922913,1768300,yfinance
2019-04-16,84.60644174,84.94876635,84.38318385,84.7924881,2072500,yfinance
2019-04-17,85.1496971,85.37295501,84.69574353,85.20178986,2108400,yfinance
2019-04-18,85.23155704,85.37295409,84.88923242,84.94876862,1859700,yfinance
2019-04-22,84.52458371,84.73295472,83.98876928,84.55435181,2585500,yfinance
2019-04-23,84.34598466,84.87436138,83.95901069,84.53947449,2851300,yfinance
2019-04-24,84.53945219,85.56643158,84.42782326,85.15712738,3570600,yfinance
2019-04-25,81.55527213,81.77108657,77.54411343,78.23620605,10116600,yfinance
2019-04-26,78.07248566,78.15434082,76.79992375,77.35806274,5421700,yfinance
2019-04-29,77.40270868,78.11712583,76.6659612,78.02037811,4551000,yfinance
2019-04-30,77.90131724,79.19619807,76.88178134,79.04736328,5101400,yfinance
2019-05-01,78.92830498,79.25574839,77.58877461,77.85668182,2615100,yfinance
2019-05-02,77.85668026,78.90597874,77.46970066,78.51900482,2589800,yfinance
2019-05-03,78.98781929,79.59060751,78.37758764,79.36735535,3107500,yfinance
2019-05-06,77.80458907,78.80179482,77.40272826,77.85668182,2704900,yfinance
2019-05-07,77.3059616,77.45480206,75.23712752,75.97386932,4221600,yfinance
2019-05-08,76.08551996,76.75528801,75.72087068,75.79528809,2497800,yfinance
2019-05-09,75.22225948,75.22225948,74.24737277,74.97667694,3998700,yfinance
2019-05-10,74.57481837,75.16272552,73.25016927,74.88737488,3071200,yfinance
2019-05-13,73.39156232,74.03156218,72.8334233,73.93481445,3766300,yfinance
2019-05-14,74.1580836,75.1106401,74.09110396,74.23994446,2889100,yfinance
2019-05-15,73.97947004,75.91435086,73.57760926,75.56458282,3818300,yfinance
2019-05-16,75.6092318,76.57667504,75.1478405,75.39341736,3337900,yfinance
2019-05-17,74.78487734,75.61882609,74.37917208,74.67969513,2587000,yfinance
2019-05-20,74.07862991,74.2589414,73.5376897,74.01852417,2088500,yfinance
2019-05-21,74.6421279,74.94265095,74.03357287,74.68721008,1762100,yfinance
2019-05-22,74.16880523,74.24393456,73.20713607,73.25221252,2580700,yfinance
2019-05-23,72.81643864,72.87654438,71.48663205,72.25296021,3111900,yfinance
2019-05-24,72.43327719,72.74130908,71.62937578,72.01254272,2401700,yfinance
2019-05-28,72.03509936,72.08769047,70.67523956,70.67523956,3357400,yfinance
2019-05-29,70.59258641,71.46410258,69.90138748,71.20114136,3388100,yfinance
2019-05-30,71.67446821,72.22291742,71.38896876,71.93742371,2518800,yfinance
2019-05-31,70.90812998,71.37394092,69.60837616,69.81122589,4192400,yfinance
2019-06-03,69.75111516,71.42652691,69.74360624,70.72029877,4971400,yfinance
2019-06-04,71.73458421,73.38745247,71.14105274,73.37242889,5096000,yfinance
2019-06-05,73.87579553,74.11621282,73.31231699,73.7856369,2766900,yfinance
2019-06-06,73.79313368,73.96593052,73.1996024,73.62784576,2643200,yfinance
2019-06-07,74.14625864,74.3340848,73.66542411,73.80065918,2803200,yfinance
2019-06-10,74.49185948,75.45352854,74.31905688,75.19808197,3327200,yfinance
2019-06-11,75.87426834,76.13722386,75.025296,75.13799286,3229200,yfinance
2019-06-12,74.81490737,75.45351509,74.65713411,75.43097687,2261700,yfinance
2019-06-13,75.88175844,76.85094198,75.85170557,76.64808655,2943100,yfinance
2019-06-14,76.52036152,76.55041439,75.61879842,76.3475647,1829500,yfinance
2019-06-17,76.37011528,76.58047965,75.85922791,76.18228912,2317800,yfinance
2019-06-18,76.55044011,77.82765588,76.36261392,76.74578094,2524200,yfinance
2019-06-19,76.82841455,77.02374963,75.85923087,76.30249786,2056500,yfinance
2019-06-20,77.19655681,77.90278505,76.94111597,77.68490601,2622900,yfinance
2019-06-21,77.69242522,77.8652221,76.738265,76.76080322,5283100,yfinance
2019-06-24,76.37011549,76.62555631,74.87502091,74.92009735,3704600,yfinance
2019-06-25,74.92011018,74.92011018,72.8690457,72.97422791,5339400,yfinance
2019-06-26,73.33484601,75.41595734,72.98173192,75.10792542,4624000,yfinance
2019-06-27,75.38590197,76.70068504,75.25818156,76.4076767,2613600,yfinance
2019-06-28,76.81339912,77.73750652,76.81339912,77.58724213,3130400,yfinance
2019-07-01,78.57142472,78.97712983,76.91855141,77.36182404,2627600,yfinance
2019-07-02,77.48203635,77.48203635,76.12217695,76.63306427,2020200,yfinance
2019-07-03,76.79836211,77.5421521,76.52789197,77.53463745,1193300,yfinance
2019-07-05,77.22660845,77.22660845,76.06959856,76.94862366,1572000,yfinance
2019-07-08,76.41519424,77.14396066,76.41519424,76.57296753,1675300,yfinance
2019-07-09,76.35510175,76.45277504,76.00199333,76.43023682,1952300,yfinance
2019-07-10,76.9561195,76.97114307,76.07709462,76.3475647,1992400,yfinance
2019-07-11,76.3626023,77.6773854,76.22736724,77.63230896,1820000,yfinance
2019-07-12,77.91029038,79.79606667,77.91029038,79.57067871,3541300,yfinance
2019-07-15,79.42792343,79.82611396,78.54889842,79.48051453,2288200,yfinance
2019-07-16,79.82611802,80.78778704,79.30771598,79.34528351,2958400,yfinance
2019-07-17,78.94707129,78.94707129,76.7006669,76.8058548,3672300,yfinance
2019-07-18,76.56547009,77.35433664,76.49784968,77.23413086,2359000,yfinance
2019-07-19,77.54214211,78.75925755,77.50458033,77.61727142,3011800,yfinance
2019-07-22,78.06806679,78.4812809,77.86521133,78.14319611,2495400,yfinance
2019-07-23,78.49631051,79.11988899,78.14319641,79.08983612,3362300,yfinance
2019-07-24,82.69609861,86.43759811,82.35049918,85.94173431,12086000,yfinance
2019-07-25,86.62542758,88.87182686,86.30987528,88.84177399,8941300,yfinance
2019-07-26,88.26328728,91.13327129,88.2332344,90.59233093,8526500,yfinance
2019-07-29,89.69074233,90.00629462,88.72907334,89.21742249,4171100,yfinance
2019-07-30,88.41352485,90.59230932,88.02284899,90.01380157,3265900,yfinance
2019-07-31,89.89358923,91.05810783,88.79668529,89.75835419,4859500,yfinance
2019-08-01,89.30759983,90.7350743,87.57959657,87.88763428,5106700,yfinance
2019-08-02,87.63968051,88.72155521,87.37672506,88.05289459,3669300,yfinance
2019-08-05,86.76067153,86.94098306,85.37075321,86.28734589,4332900,yfinance
2019-08-06,86.85834366,87.09876096,85.34070484,86.4000473,4875200,yfinance
2019-08-07,85.37826397,86.82076759,84.3114127,86.70807648,3529400,yfinance
2019-08-08,87.55704526,88.50369073,87.33916622,88.31586456,2349100,yfinance
2019-08-09,88.09047325,88.23322297,86.73061362,86.96351624,2113800,yfinance
2019-08-12,86.49769431,87.10625491,85.99432161,86.31738281,1724000,yfinance
2019-08-13,85.94925471,88.60135925,85.83655786,87.02362061,2804800,yfinance
2019-08-14,86.2197352,86.66300225,85.57361265,85.67879486,3775700,yfinance
2019-08-15,86.17464105,86.27231432,84.6795464,85.57360077,3698000,yfinance
2019-08-16,86.30097951,87.46024546,86.30097951,87.36174774,2723300,yfinance
2019-08-19,88.40736095,89.02866716,88.08913221,88.4907074,2382600,yfinance
2019-08-20,88.08156202,88.25583346,87.10414012,87.16475677,2599100,yfinance
2019-08-21,88.13460268,88.3467552,87.36933327,87.8391037,1906900,yfinance
2019-08-22,88.14973447,88.60435352,86.46008742,87.30112457,3005000,yfinance
2019-08-23,86.62679337,86.86925421,83.73241465,84.31583405,4375800,yfinance
2019-08-26,85.64937678,86.94502748,85.27053135,86.6495285,3215800,yfinance
2019-08-27,86.88441931,87.13445871,85.96761396,86.4752655,2883900,yfinance
2019-08-28,86.27824759,88.49070319,85.87666664,88.14216614,2609900,yfinance
2019-08-29,89.26354782,90.5516256,88.90743223,89.68785858,2708100,yfinance
2019-08-30,90.61223967,90.80924089,89.8166678,89.90759277,2209700,yfinance
2019-09-03,89.14991885,89.69545147,88.03611225,88.89987946,1981800,yfinance
2019-09-04,89.83938611,90.87742445,89.7408884,90.5213089,2732900,yfinance
2019-09-05,91.01380601,92.84741605,90.92288105,91.83210754,2854900,yfinance
2019-09-06,92.07456826,92.35491589,90.74103683,90.98349762,2116500,yfinance
2019-09-09,91.68057778,92.58223159,91.13503953,92.18065643,2882300,yfinance
2019-09-10,91.8321159,92.79438639,91.50630865,92.74134827,3070200,yfinance
2019-09-11,92.76409239,93.12020802,91.83970862,93.08232117,2437000,yfinance
2019-09-12,93.05959586,93.67332363,92.30190496,92.8625946,2224400,yfinance
2019-09-13,93.33993294,93.53692839,92.68831838,92.94593048,3107300,yfinance
2019-09-16,92.48373903,93.16566192,91.9836661,92.87016296,2294400,yfinance
2019-09-17,92.22613603,92.83228527,91.72605727,92.73378754,2007500,yfinance
2019-09-18,90.25614935,91.90791588,89.95307181,91.71091461,4116500,yfinance
2019-09-19,91.38508403,91.4987388,90.08943351,90.2561264,3733700,yfinance
2019-09-20,90.79409029,91.61997049,90.36977951,91.45327759,5308400,yfinance
2019-09-23,90.77137028,91.59725056,90.09702585,90.20310211,2999900,yfinance
2019-09-24,90.33190277,90.9001709,88.97563547,89.39994049,3160500,yfinance
2019-09-25,89.58179582,90.84713821,89.36963751,90.20310211,3203000,yfinance
2019-09-26,90.16520638,90.16520638,89.14990347,89.74847412,1999400,yfinance
2019-09-27,90.16520619,90.54405159,89.65755473,90.12731934,2456000,yfinance
2019-09-30,90.40010554,90.92291414,90.15764466,90.78652954,2639000,yfinance
2019-10-01,91.11232584,91.45328441,87.02079404,87.74817657,4295800,yfinance
2019-10-02,87.05110117,87.8769872,86.63436889,87.31629181,3903400,yfinance
2019-10-03,87.43752269,88.24825164,86.3843329,87.8163681,2936300,yfinance
2019-10-04,87.9982138,89.10444173,87.83909941,89.02109528,2321800,yfinance
2019-10-07,88.42250311,88.67254243,87.46023846,87.5663147,2775800,yfinance
2019-10-08,86.68740612,86.68740612,85.19475434,85.42205811,3373900,yfinance
2019-10-09,86.37674427,86.75558964,85.7327083,86.27066803,2553200,yfinance
2019-10-10,86.40706078,87.46025054,86.24036787,87.34659576,2209500,yfinance
2019-10-11,88.55891755,89.39238223,87.80880511,87.90730286,3083300,yfinance
2019-10-14,87.84667063,88.39978166,87.52086336,87.79363251,1960300,yfinance
2019-10-15,87.96033172,89.5287574,87.76333626,88.25583649,2616300,yfinance
2019-10-16,88.00579736,89.05898722,88.00579736,89.02867889,2260600,yfinance
2019-10-17,89.26355611,90.10459341,89.15747986,89.70301819,2197500,yfinance
2019-10-18,89.74088677,89.89242259,88.67254013,88.91500092,2720600,yfinance
2019-10-21,89.18021501,90.35463819,89.10444707,89.8015213,3251100,yfinance
2019-10-22,87.76332155,88.31643256,84.69467168,87.96789551,8275700,yfinance
2019-10-23,87.4375077,87.94515908,86.8768182,87.24808502,3644200,yfinance
2019-10-24,86.98290718,87.51328844,85.93729017,86.38433075,2969600,yfinance
2019-10-25,86.37673333,87.86938482,86.27823562,87.67996216,2704400,yfinance
2019-10-28,87.95275217,88.86197885,87.87698425,88.08155823,1730400,yfinance
2019-10-29,88.37704716,89.13473789,88.11943508,88.58162689,2867300,yfinance
2019-10-30,88.55131855,88.64981627,87.19505144,88.5588913,2417300,yfinance
2019-10-31,87.92244537,88.5589029,86.76317931,87.26325226,2954200,yfinance
2019-11-01,88.24067632,90.60467387,87.97548568,90.55163574,4171900,yfinance
2019-11-04,90.92290435,93.27174489,90.92290435,93.21112823,4230700,yfinance
2019-11-05,93.43842526,93.78696232,91.8927354,91.97608185,3117800,yfinance
2019-11-06,91.96849951,92.400383,91.4835779,92.400383,2820200,yfinance
2019-11-07,92.70347078,94.45374051,92.45343142,93.56723785,3156200,yfinance
2019-11-08,93.58995797,94.9462251,93.58238523,94.18096161,2310700,yfinance
2019-11-11,93.50663514,93.77182579,92.99897785,93.30205536,1318700,yfinance
2019-11-12,93.19597372,93.71120372,92.90805328,93.20355225,1555800,yfinance
2019-11-13,92.90805651,93.54451407,92.46101589,93.21112823,1613600,yfinance
2019-11-14,92.99896593,94.12792937,92.99896593,94.0142746,1580400,yfinance
2019-11-15,94.33500164,94.70152582,93.96083983,94.48008728,1891000,yfinance
2019-11-18,94.32734592,94.49533856,93.58665425,93.74700928,1772700,yfinance
2019-11-19,94.27388848,94.33497777,91.80746811,92.04418182,3642600,yfinance
2019-11-20,91.78455582,91.87618975,90.73842939,90.87587738,2904600,yfinance
2019-11-21,90.70788842,91.41039781,90.63916151,91.26531219,1994700,yfinance
2019-11-22,91.60128963,92.4794292,90.9140497,91.11258698,2597800,yfinance
2019-11-25,91.50967845,91.93729774,91.05915795,91.86093903,2460400,yfinance
2019-11-26,91.91437427,92.91468666,91.56311958,92.54815674,2872800,yfinance
2019-11-27,92.73142723,92.9299587,91.44094357,91.53257751,1862700,yfinance
2019-11-29,91.64711293,91.8227432,91.34167812,91.42567444,1372000,yfinance
2019-12-02,91.70057771,92.13583462,90.21919999,90.27265167,2438300,yfinance
2019-12-03,89.21123895,89.64648998,88.36364391,89.28759766,2037000,yfinance
2019-12-04,89.50903167,90.28026791,88.8676058,88.9363327,2202200,yfinance
2019-12-05,88.6385455,88.88289687,87.24115837,87.82149506,4889400,yfinance
2019-12-06,88.57746046,89.99011707,88.57746046,89.74576569,2762700,yfinance
2019-12-09,89.34102315,90.37951756,89.00503795,90.21152496,1974100,yfinance
2019-12-10,90.20392,91.15078666,89.96720625,90.51699829,2438800,yfinance
2019-12-11,90.51699233,90.51699233,89.15778755,89.18069458,3354200,yfinance
2019-12-12,87.95128945,89.76102028,87.64584884,89.30285645,4320600,yfinance
2019-12-13,90.12754537,91.34930202,89.95192095,90.57807159,2968100,yfinance
2019-12-16,90.95986938,91.5783824,90.66969818,90.95986938,2978200,yfinance
2019-12-17,91.65474184,92.63978476,91.28821776,91.85327911,2804800,yfinance
2019-12-18,90.5170089,90.67736396,89.37924824,90.06648254,4957500,yfinance
2019-12-19,90.37953968,91.29585576,90.31081277,90.53225708,3201000,yfinance
2019-12-20,91.54784342,91.54784342,89.5930327,89.64648438,6945000,yfinance
2019-12-23,90.28027908,91.18895759,89.76866351,90.82243347,2047500,yfinance
2019-12-24,89.66939605,90.37954308,89.60066914,90.35663605,872000,yfinance
2019-12-26,90.93695726,91.04386643,90.56279556,90.89878082,1274600,yfinance
2019-12-27,91.21186462,91.24240927,90.53989985,90.82243347,1419500,yfinance
2019-12-30,91.03623259,91.03623259,88.76834365,88.91342926,2430700,yfinance
2019-12-31,88.60801071,89.409786,88.24911832,89.38687897,2875100,yfinance
2020-01-02,89.86029697,90.0817413,87.98948245,89.18069458,4158100,yfinance
2020-01-03,87.79094529,89.2341464,87.69167373,89.12724304,2477800,yfinance
2020-01-06,88.15747973,88.75309169,87.33279745,88.73017883,3381600,yfinance
2020-01-07,88.47054264,88.91343126,87.86729899,88.57744598,1952300,yfinance
2020-01-08,88.10401728,89.76866271,88.05820322,89.08142853,2016000,yfinance
2020-01-09,89.36395636,89.97483766,88.86761603,89.28759766,2151500,yfinance
2020-01-10,89.394496,89.394496,88.27200503,88.47817993,2545000,yfinance
2020-01-13,88.66906623,89.50902348,88.50107362,89.15013123,1826200,yfinance
2020-01-14,89.15014956,90.24209595,89.1043355,89.54721832,2598600,yfinance
2020-01-15,89.73048319,90.63916166,89.54721531,90.05119324,3168400,yfinance
2020-01-16,90.49409112,90.95224921,90.18101283,90.57044983,2426800,yfinance
2020-01-17,90.66972381,91.05152322,90.2344727,90.56282043,3403400,yfinance
2020-01-21,90.26500571,90.51699469,89.15015226,89.63885498,2960700,yfinance
2020-01-22,89.94430299,91.05151891,89.53195894,89.53959656,2425300,yfinance
2020-01-23,89.36395636,89.43268328,88.23383353,89.28759766,2493700,yfinance
2020-01-24,89.37159394,89.42504562,88.5239989,89.08142853,2015400,yfinance
2020-01-27,87.77566887,88.15746822,86.55391211,87.75276184,2903800,yfinance
2020-01-28,88.15745797,88.85233551,87.38622757,88.09637451,2039600,yfinance
2020-01-29,88.3941803,89.33340336,88.06583265,88.3941803,2845400,yfinance
2020-01-30,85.7215905,86.34010357,81.96468052,82.46865845,9473000,yfinance
2020-01-31,82.34648337,82.39230325,78.71938944,79.04773712,7234300,yfinance
2020-02-03,79.53644987,79.78080124,77.62745296,77.90998077,5627100,yfinance
2020-02-04,78.91028177,79.30735633,78.36049564,78.94082642,4858700,yfinance
2020-02-05,79.89533078,81.39198355,79.67388645,80.97200775,4439900,yfinance
2020-02-06,81.39960792,82.3082921,80.55965064,81.33088684,3861800,yfinance
2020-02-07,80.97965427,81.22400565,78.65067562,78.74230957,5754400,yfinance
2020-02-10,78.95610579,79.22336416,77.60453284,78.70411682,4669400,yfinance
2020-02-11,78.97136888,80.52147317,78.81865149,80.07859039,2806300,yfinance
2020-02-12,80.76581911,81.52941769,80.55201244,80.5901947,2493300,yfinance
2020-02-13,80.17022246,81.04072448,79.69679502,80.36112213,2768300,yfinance
2020-02-14,80.17025077,81.08657299,79.93353697,80.90330505,2694600,yfinance
2020-02-18,80.90329177,81.64398355,80.71239207,81.26218414,3371600,yfinance
2020-02-19,81.68978982,81.68978982,80.90327828,81.52179718,2663200,yfinance
2020-02-20,81.30799103,82.17085545,80.90327883,81.30799103,3171200,yfinance
2020-02-21,80.65130331,80.73529964,78.45977277,78.6048584,6034600,yfinance
2020-02-24,76.93141677,77.22445734,75.28112426,75.952034,7300400,yfinance
2020-02-25,76.39931313,76.51498906,71.88799925,72.41239166,7609100,yfinance
2020-02-26,73.32237506,73.56143434,71.85716027,72.28130341,7411700,yfinance
2020-02-27,70.56931051,71.82630734,69.3200211,69.58992767,9143800,yfinance
2020-02-28,68.34835504,70.44592487,67.60803731,69.78272247,11498000,yfinance
2020-03-02,70.985768,71.82633536,68.94989209,71.52558136,8738800,yfinance
2020-03-03,73.15270929,74.03183689,69.84441088,70.40736389,9263400,yfinance
2020-03-04,71.17080947,73.93928864,70.50760718,73.89302063,6644800,yfinance
2020-03-05,71.54868838,72.68230188,70.9009126,71.71063232,5277200,yfinance
2020-03-06,69.61307621,72.85968671,69.51282686,72.48952484,5598400,yfinance
2020-03-09,68.20184084,70.94718661,67.16847659,67.2301712,8648300,yfinance
2020-03-10,69.77502056,71.67979341,67.23788669,71.57954407,8914200,yfinance
2020-03-11,69.26604611,70.30711777,67.33042014,67.85481262,5557200,yfinance
2020-03-12,63.40517965,71.28648595,63.23552243,66.45127869,9412800,yfinance
2020-03-13,70.17601967,72.95221268,67.48465529,72.66688538,10918900,yfinance
2020-03-16,66.21222343,72.65144962,65.93460357,67.13761902,9006300,yfinance
2020-03-17,68.67227259,74.96497841,67.70060267,74.64109039,10476100,yfinance
2020-03-18,70.17602702,78.54316753,69.6439212,76.54585266,11152100,yfinance
2020-03-19,76.09084236,80.04692222,73.61540363,74.22462463,7690300,yfinance
2020-03-20,74.14753345,75.36597585,70.10662954,72.07309723,7355300,yfinance
2020-03-23,72.6283112,74.13208042,69.59763288,70.87005615,7117800,yfinance
2020-03-24,72.43553827,74.5639556,71.07057863,73.46118927,6067100,yfinance
2020-03-25,73.74647499,75.4121935,70.21454529,72.87506104,5682000,yfinance
2020-03-26,72.87509558,77.13963727,72.12706455,76.94684601,6373900,yfinance
2020-03-27,73.72337459,76.76947994,73.26067675,75.20401001,4671100,yfinance
2020-03-30,75.67441369,76.19880608,73.96243246,75.45077515,3994200,yfinance
2020-03-31,74.73359863,75.0420599,71.84173005,72.0422287,5391300,yfinance
2020-04-01,70.10659063,71.62578026,68.69535772,69.70558167,5762800,yfinance
2020-04-02,69.21977842,72.15020216,68.13243285,71.74919891,4039900,yfinance
2020-04-03,71.07826492,72.02680031,68.49486378,69.40483856,4471900,yfinance
2020-04-06,71.88030114,74.40201441,71.27107998,73.78507996,5642700,yfinance
2020-04-07,74.22464505,75.15004087,71.47929903,71.6489563,5113900,yfinance
2020-04-08,74.80300176,76.73091418,72.30442892,76.18338776,6628400,yfinance
2020-04-09,76.02144122,77.13962803,74.12437618,76.10626984,5588500,yfinance
2020-04-13,76.02143761,77.30928159,75.72068377,75.8980484,3355100,yfinance
2020-04-14,77.54836235,78.52774534,76.77719723,78.1961441,4093100,yfinance
2020-04-15,77.0702438,77.10109111,75.52791356,77.0548172,3721200,yfinance
2020-04-16,77.25529887,79.03668788,76.80802182,78.82847595,4303400,yfinance
2020-04-17,78.7822058,80.00835512,76.98539024,79.23719025,5850100,yfinance
2020-04-20,78.4583228,79.42999231,77.92622297,78.04189301,4359500,yfinance
2020-04-21,77.39412283,78.74366163,77.3092942,77.59462738,3793800,yfinance
2020-04-22,78.273238,78.48144993,75.09603647,75.27340698,5099500,yfinance
2020-04-23,75.85180041,77.30158869,75.62044853,76.69236755,4061800,yfinance
2020-04-24,77.26303099,77.46352967,76.02916216,77.25531769,2792400,yfinance
2020-04-27,77.88767664,79.80787613,76.96228086,79.08298492,4362300,yfinance
2020-04-28,76.53811869,76.5921,74.17064261,74.36343384,10400900,yfinance
2020-04-29,74.10896303,74.91868872,72.57434617,74.11667633,9974000,yfinance
2020-04-30,73.72339597,73.83135863,71.57955753,72.99850464,6262500,yfinance
2020-05-01,71.89570689,72.26586275,70.36879779,70.87005615,5415600,yfinance
2020-05-04,70.64643287,70.79295611,69.09638942,69.74417114,4784400,yfinance
2020-05-05,70.58473028,72.37383281,70.48448095,71.4947052,5001000,yfinance
2020-05-06,71.82630398,72.82110749,71.48698952,71.66436005,3630300,yfinance
2020-05-07,72.48178266,72.69770788,71.29418809,71.5872345,3309800,yfinance
2020-05-08,72.13477409,73.24525356,71.95740355,73.12957764,3418000,yfinance
2020-05-11,72.65145859,73.15271705,71.79546492,72.42011261,3118400,yfinance
2020-05-12,73.07559673,73.38406391,71.58724805,71.60266876,3504600,yfinance
2020-05-13,71.37902191,71.89570687,69.69788218,69.97550201,3690800,yfinance
2020-05-14,69.40485149,70.79295088,68.51801055,70.70812225,4031700,yfinance
2020-05-15,70.05261924,70.86234476,69.8983886,70.19914246,3990600,yfinance
2020-05-18,71.97283833,74.84157337,71.76462046,74.10896301,5509500,yfinance
2020-05-19,73.97785138,75.16544606,73.5768482,74.36343384,3674300,yfinance
2020-05-20,75.18859847,75.92891627,74.39429934,74.94182587,3291700,yfinance
2020-05-21,74.59478206,75.56644558,74.49452686,75.04205322,5452100,yfinance
2020-05-22,75.42390172,76.03171814,74.57451283,75.36935425,2406600,yfinance
2020-05-26,76.48369224,77.0993029,75.41611336,75.64209747,5563700,yfinance
2020-05-27,76.19535988,77.7226951,75.5252018,77.62918854,4436400,yfinance
2020-05-28,77.92529743,78.78247451,76.62394639,77.70710754,5460800,yfinance
2020-05-29,77.40321153,78.2448063,76.63954087,77.69932556,5962400,yfinance
2020-06-01,77.52009673,77.67594497,76.64733117,77.36424255,2510300,yfinance
2020-06-02,77.73049814,78.84483033,77.13047586,78.83703613,2860500,yfinance
2020-06-03,79.95133632,81.213728,79.54612748,80.76955414,3633800,yfinance
2020-06-04,80.49684486,80.90205384,79.70979759,80.41891479,2768400,yfinance
2020-06-05,81.80600182,83.51256225,81.56442929,83.10735321,5026800,yfinance
2020-06-08,83.1229285,86.09967517,83.1229285,86.06850433,4561100,yfinance
2020-06-09,85.00092175,85.09442831,83.01382415,84.02685547,4567900,yfinance
2020-06-10,84.07361161,84.22945985,82.30470979,83.0917511,3793300,yfinance
2020-06-11,80.62930082,80.81631986,78.27595367,78.29154205,5306100,yfinance
2020-06-12,80.19293006,80.23968334,77.89413012,79.07859802,3334400,yfinance
2020-06-15,77.86296855,82.74109463,77.60581359,82.32029724,6440200,yfinance
2020-06-16,84.03464765,84.79831827,80.87088211,82.46835327,4283300,yfinance
2020-06-17,82.99824579,84.58012857,82.73329666,83.37228394,4413500,yfinance
2020-06-18,83.02159238,84.56450957,82.77223173,83.83201599,3204500,yfinance
2020-06-19,84.40089225,84.96974957,82.88914544,83.98009491,9027100,yfinance
2020-06-22,83.45020858,83.80867023,82.19561661,83.30215454,4385700,yfinance
2020-06-23,84.32296038,86.39577607,84.16711217,86.19316864,5565900,yfinance
2020-06-24,85.65548612,86.9022897,84.52557168,85.32820129,5471300,yfinance
2020-06-25,85.14897299,86.22434594,84.43985585,86.12303925,2987000,yfinance
2020-06-26,86.21655243,86.41915988,83.50475529,83.62943268,5489000,yfinance
2020-06-29,84.91520137,85.82692596,84.03464167,85.31262207,3395200,yfinance
2020-06-30,85.33599334,87.29191399,84.64245868,86.63734436,3954900,yfinance
2020-07-01,91.84275679,93.44022778,89.02965305,89.16212463,8982100,yfinance
2020-07-02,90.08943022,90.29982589,89.02964578,89.11536407,3442900,yfinance
2020-07-06,90.13618932,90.22970182,89.31018308,89.8946228,3445900,yfinance
2020-07-07,88.95953819,89.96476947,88.73355407,89.18551636,2194700,yfinance
2020-07-08,89.24005467,89.82449444,88.81926326,89.20109558,3051600,yfinance
2020-07-09,89.22448139,89.64527879,88.60887072,89.18551636,2366200,yfinance
2020-07-10,89.3803296,90.12841782,88.82706061,89.6686554,2281800,yfinance
2020-07-13,90.09723827,90.20633322,88.61665631,88.64782715,2301700,yfinance
2020-07-14,88.49977447,90.12062235,88.09456548,89.8712616,2538000,yfinance
2020-07-15,90.95440666,93.28437135,90.47906188,92.89474487,4841800,yfinance
2020-07-16,92.57526072,93.39347282,92.08432752,93.30775452,2528200,yfinance
2020-07-17,93.51035416,94.0402464,92.3103039,92.38043976,2782400,yfinance
2020-07-20,92.27913396,92.51291222,91.21934946,92.22458649,2365900,yfinance
2020-07-21,92.73112012,93.74415154,92.59085432,92.76229095,2054400,yfinance
2020-07-22,92.5362932,92.9259197,91.87392935,92.51291656,3508200,yfinance
2020-07-23,92.50511755,93.04280399,91.91288364,92.0609436,2349200,yfinance
2020-07-24,92.07653247,93.10514614,91.60897594,92.22458649,2539000,yfinance
2020-07-27,92.04537577,94.89743894,91.59340755,94.29741669,4446000,yfinance
2020-07-28,93.68179161,94.08700054,92.91033285,93.21424103,2497600,yfinance
2020-07-29,93.96233788,96.86116029,93.84544873,96.37802124,6769600,yfinance
2020-07-30,107.27198257,113.3813239,105.31604971,110.23314667,30970900,yfinance
2020-07-31,110.51368211,112.31375489,108.86165742,111.24617004,7429900,yfinance
2020-08-03,111.79944021,111.82281685,109.51622251,110.79419708,4317200,yfinance
2020-08-04,110.36560955,113.72418818,110.13961951,112.77349854,4841700,yfinance
2020-08-05,113.26441773,113.77092738,111.65135847,113.05401611,3939300,yfinance
2020-08-06,112.96832176,113.50600829,112.55531857,113.3579483,2420900,yfinance
2020-08-07,113.52157361,122.2647934,113.45144369,122.2647934,10074200,yfinance
2020-08-10,122.70898728,126.78447769,122.34273737,124.36100006,7396400,yfinance
2020-08-11,125.19477596,125.66232058,120.69069507,121.44657135,6071900,yfinance
2020-08-12,122.53754445,124.87530365,121.87517459,122.95833588,4247200,yfinance
2020-08-13,122.16352593,124.46232047,121.93753585,124.12723541,2848200,yfinance
2020-08-14,123.69081225,126.57404567,123.41808086,125.25711823,3479000,yfinance
2020-08-17,125.54550758,126.34813758,124.48572255,124.91431427,2408900,yfinance
2020-08-18,124.98439544,125.73248359,123.94019921,124.67269897,2606600,yfinance
2020-08-19,125.10907531,126.15327151,124.57138882,124.94542694,2691600,yfinance
2020-08-20,124.02590292,124.88307403,122.5842802,124.3298111,2296700,yfinance
2020-08-21,124.50232355,125.66297367,123.52990184,124.71406555,4420700,yfinance
2020-08-24,125.25519918,126.30604758,124.74546267,125.74925995,4084000,yfinance
2020-08-25,126.69816268,127.35690243,123.94556388,124.72193146,2931500,yfinance
2020-08-26,124.6983936,125.4512475,123.79654845,124.61212921,2761700,yfinance
2020-08-27,125.27088983,126.23547387,124.47098475,125.63947296,2913400,yfinance
2020-08-28,125.88258148,127.52159299,124.95719872,127.32553864,2979800,yfinance
2020-08-31,126.83148912,129.56841242,126.46290594,128.31365967,3960900,yfinance
2020-09-01,127.9293886,128.72144386,126.69032367,127.55295563,3097000,yfinance
2020-09-02,128.02348414,130.33692296,127.20005351,130.0075531,3778000,yfinance
2020-09-03,127.25497479,128.18034568,123.08293202,123.92205048,4759900,yfinance
2020-09-04,125.66302224,126.92561295,121.26356139,126.08649445,3601300,yfinance
2020-09-08,125.49832652,125.52185209,122.3065675,122.69082642,3176400,yfinance
2020-09-09,123.94556689,126.22764248,123.94556689,125.31794739,2317600,yfinance
2020-09-10,126.25115454,126.46288461,123.18486185,123.82007599,2450900,yfinance
2020-09-11,124.29063616,125.95317344,123.45935556,124.58863068,2466800,yfinance
2020-09-14,126.18055741,127.16867886,124.71407491,125.58455658,3617900,yfinance
2020-09-15,125.92964787,126.86286861,124.19652192,126.6746521,3238500,yfinance
2020-09-16,130.80744223,131.24660199,125.10617937,125.37281036,5736800,yfinance
2020-09-17,123.15349784,125.68652871,123.09860884,125.2787323,3002200,yfinance
2020-09-18,125.58454316,128.41556776,125.01990582,125.20812225,7274000,yfinance
2020-09-21,126.58834897,127.78820042,123.42011649,126.30603027,3894400,yfinance
2020-09-22,125.74142314,127.15301695,125.13758432,126.95696259,3051900,yfinance
2020-09-23,127.43535003,129.9918949,126.52565482,126.69034576,3842400,yfinance
2020-09-24,126.35313637,127.49026147,123.89854341,125.79634857,2975100,yfinance
2020-09-25,124.90228877,130.96428495,124.90228877,130.27416992,4399300,yfinance
2020-09-28,133.24638242,134.86970623,132.13279514,132.45431519,4338400,yfinance
2020-09-29,132.38376104,133.68556503,131.05843148,132.14065552,3113700,yfinance
2020-09-30,132.76015774,133.05816418,129.78797907,130.67414856,5426700,yfinance
2020-10-01,132.56407576,133.94430575,130.87017563,131.47401428,4934100,yfinance
2020-10-02,130.69768525,132.14064251,129.98404449,130.93295288,4482700,yfinance
2020-10-05,131.87401615,133.28561003,131.3093786,132.65823364,2739000,yfinance
2020-10-06,132.75230425,134.92458953,132.31314447,132.8072052,3671400,yfinance
2020-10-07,133.79534813,137.58312009,133.56008049,137.23022461,3847000,yfinance
2020-10-08,137.66936343,138.00657116,136.02250215,136.61851501,2797500,yfinance
2020-10-09,136.85376873,137.53604598,135.55981486,136.99493408,2861100,yfinance
2020-10-12,137.12826021,138.64964394,136.61852367,138.44573975,2274000,yfinance
2020-10-13,137.63015696,138.92411091,137.15178385,137.49684143,3018000,yfinance
2020-10-14,137.8026641,137.99088056,136.29696833,136.7518158,3156900,yfinance
2020-10-15,135.41080976,136.50087141,134.89322344,136.48518372,3059700,yfinance
2020-10-16,137.29293465,138.17125424,136.65770856,136.7988739,3446000,yfinance
2020-10-19,137.04979964,138.17907438,134.18741152,134.96379089,2884600,yfinance
2020-10-20,135.77940875,139.08096947,135.16772009,137.14395142,2784700,yfinance
2020-10-21,138.35947252,139.59853747,135.39513165,135.45787048,4428700,yfinance
2020-10-22,136.73611694,137.01843562,134.61088298,135.66174316,3897700,yfinance
2020-10-23,135.21475744,136.25776798,134.34427568,134.80696106,2763100,yfinance
2020-10-26,134.03844874,134.03844874,130.32125361,131.74853516,4053900,yfinance
2020-10-27,134.01490601,134.6265946,132.22689136,133.97569275,5753900,yfinance
2020-10-28,127.95290248,128.50969009,122.02422138,122.16537476,11120900,yfinance
2020-10-29,123.96124333,128.62733421,123.70245017,126.54131317,5849600,yfinance
2020-10-30,125.48259152,125.83549884,121.7497219,123.20836639,5240500,yfinance
2020-11-02,124.5964402,126.40798013,123.09858238,125.12186432,3924000,yfinance
2020-11-03,126.45505597,129.12139035,125.74926509,128.20385742,3142200,yfinance
2020-11-04,128.39986891,129.66245898,125.91390201,127.49802399,3530000,yfinance
2020-11-05,129.86642728,130.06248166,127.20793034,128.26661682,3998300,yfinance
2020-11-06,128.67438333,131.98378148,127.88232812,131.49755859,2960000,yfinance
2020-11-09,128.69008465,131.37994468,124.46315319,127.99996948,9453000,yfinance
2020-11-10,128.39991041,129.59976207,126.28252585,129.18412781,3329800,yfinance
2020-11-11,130.47020382,131.92101034,129.53698349,130.6819458,3240200,yfinance
2020-11-12,130.45312946,130.57937222,127.55750374,128.69366455,4070000,yfinance
2020-11-13,129.55371259,130.26381934,128.73315842,129.13554382,2628500,yfinance
2020-11-16,128.73316195,132.93063305,127.22617001,132.89907837,4406300,yfinance
2020-11-17,133.04896598,133.65648682,130.57939413,133.24621582,3627800,yfinance
2020-11-18,133.30146692,135.36865386,132.90696716,132.90696716,3393500,yfinance
2020-11-19,132.5518978,132.5518978,130.73719679,131.35261536,3143600,yfinance
2020-11-20,131.23429279,131.60512353,129.16711788,129.20655823,3988100,yfinance
2020-11-23,130.57943752,131.54990368,129.32493101,131.44734192,3770900,yfinance
2020-11-24,132.52035524,136.58369767,132.21264593,136.25231934,5371700,yfinance
2020-11-25,135.79471914,136.48904262,133.64075364,134.52442932,3497700,yfinance
2020-11-27,134.88733911,135.25815774,132.46510524,133.25410461,2216600,yfinance
2020-11-30,133.79063722,135.10036711,132.63869278,134.97413635,4708600,yfinance
2020-12-01,136.89927685,137.44368835,132.47298989,132.52033997,5371500,yfinance
2020-12-02,132.4887795,133.30934563,131.36840178,133.20677185,3853300,yfinance
2020-12-03,133.43557431,134.31136412,132.09427774,132.41777039,2844200,yfinance
2020-12-04,132.60714464,133.02531339,131.24216691,131.9601593,2766200,yfinance
2020-12-07,132.65447051,132.78070126,131.05280272,132.13372803,3117200,yfinance
2020-12-08,132.19685845,132.74126999,130.91078551,131.28161621,3885000,yfinance
2020-12-09,132.18898187,134.01158098,131.77081306,133.48294067,3327300,yfinance
2020-12-10,131.80235251,132.12584515,129.103976,129.58526611,4708600,yfinance
2020-12-11,130.57942925,133.35671111,130.46108413,132.86752319,4777500,yfinance
2020-12-14,135.53431345,135.53431345,131.43940471,131.46307373,3388700,yfinance
2020-12-15,131.84180999,132.85961396,131.08436524,131.89703369,2555300,yfinance
2020-12-16,132.0785057,135.43965113,132.0785057,134.23248291,3421600,yfinance
2020-12-17,134.71375305,138.32737151,134.16144388,137.67250061,4386900,yfinance
2020-12-18,136.53637336,138.46153418,135.02938135,138.2169342,8581300,yfinance
2020-12-21,136.05507103,137.63306998,134.94257889,136.17341614,3180000,yfinance
2020-12-22,135.96827208,138.27214896,135.72368419,137.72773743,2489200,yfinance
2020-12-23,137.58569261,138.81652951,136.19704623,136.21282959,2553800,yfinance
2020-12-24,136.50477657,136.7730455,135.28972284,135.85780334,1006100,yfinance
2020-12-28,136.18130552,136.65469795,134.83999686,135.20294189,1861700,yfinance
2020-12-29,135.51064224,135.71577775,132.86748953,133.36456299,2864600,yfinance
2020-12-30,133.98788194,133.98788194,131.09224359,131.15536499,3107100,yfinance
2020-12-31,131.5972334,132.9306446,130.5320912,132.86752319,2349400,yfinance
2021-01-04,132.86750368,132.97796312,127.72323589,129.2381134,4304000,yfinance
2021-01-05,128.35443162,129.40380239,127.21038476,127.43920135,3967000,yfinance
2021-01-06,126.46083531,128.70948864,126.24780208,127.06047058,5061400,yfinance
2021-01-07,127.51808718,127.71533704,124.77237247,125.45091248,6024300,yfinance
2021-01-08,125.53768498,126.16098916,124.24372655,124.96960449,4844800,yfinance
2021-01-11,125.34835316,127.77058753,124.45679187,127.70746613,6127800,yfinance
2021-01-12,128.10983948,129.75095981,126.18467885,129.3249054,4612100,yfinance
2021-01-13,129.04082614,129.75092063,127.77842256,128.69366455,2643000,yfinance
2021-01-14,129.1592192,130.65042782,128.78050281,128.97775269,2625000,yfinance
2021-01-15,128.39386302,128.58322721,124.82759457,125.37199402,4816300,yfinance
2021-01-19,126.00322471,126.08212948,123.12338119,123.30484772,4537400,yfinance
2021-01-20,123.80189274,126.4687024,123.10756945,126.11365509,3029800,yfinance
2021-01-21,125.71916226,127.58120133,125.62448618,126.31880951,2002800,yfinance
2021-01-22,124.97747446,126.59492531,124.18847523,125.44299316,3131600,yfinance
2021-01-25,126.01106012,129.50632059,125.53765581,127.6206131,3938100,yfinance
2021-01-26,128.1177538,128.41756545,126.6265451,127.36819458,2962400,yfinance
2021-01-27,125.84542667,125.92433144,123.86504216,124.38577271,2821500,yfinance
2021-01-28,125.50616196,125.75074989,124.03072464,124.08596039,2565100,yfinance
2021-01-29,123.88868877,124.42520258,122.10554243,122.29490662,5007900,yfinance
2021-02-01,123.24170157,123.99124858,122.22389767,123.28903961,4783000,yfinance
2021-02-02,128.76470306,129.55370248,123.81767332,126.46871185,10758300,yfinance
2021-02-03,126.78431682,127.39973539,123.75456198,126.01110077,4559200,yfinance
2021-02-04,125.63240345,128.14142845,124.51992316,128.02307129,2811100,yfinance
2021-02-05,128.6069166,129.82197051,127.59699822,129.69573975,2560300,yfinance
2021-02-08,129.74305829,130.55572668,128.45698546,128.96194458,2242200,yfinance
2021-02-09,129.00143661,132.23633984,128.43335593,131.69981384,3073600,yfinance
2021-02-10,132.50460676,132.73341137,129.82200066,130.70568848,2943700,yfinance
2021-02-11,130.97392013,131.19483903,127.17883437,128.10984802,3188400,yfinance
2021-02-12,128.18874898,129.26178878,127.84947294,128.91462708,2563800,yfinance
2021-02-16,129.35640883,129.37219218,127.09198511,127.6206131,2867700,yfinance
2021-02-17,127.09992247,127.74690782,126.16101117,127.02891541,2845400,yfinance
2021-02-18,126.08212504,128.30709741,125.15109935,127.91259766,3595900,yfinance
2021-02-19,128.09518873,128.84948141,127.29325831,127.46792603,3081700,yfinance
2021-02-22,126.81687123,129.03211175,125.45913456,128.30958557,3894800,yfinance
2021-02-23,127.015382,128.16667234,125.26859541,127.6823349,4385800,yfinance
2021-02-24,127.26151977,128.54778781,126.30872817,127.0947876,2963400,yfinance
2021-02-25,126.24520597,127.2774019,124.68103484,125.06214905,2617100,yfinance
2021-02-26,125.91170402,126.42779582,124.33164992,125.31620789,3492800,yfinance
2021-03-01,126.68189108,129.15121575,125.91171504,128.20635986,3271500,yfinance
2021-03-02,128.44454306,129.55613094,126.95182895,128.12693787,2653600,yfinance
2021-03-03,127.50766498,128.76217864,126.94393527,127.38062286,2635100,yfinance
2021-03-04,127.08680772,128.06341794,125.0938851,126.6024704,3710400,yfinance
2021-03-05,127.44416554,131.15212168,126.30875822,130.5328064,3671700,yfinance
2021-03-08,131.19176804,131.98576291,127.64261003,127.72994995,3176400,yfinance
2021-03-09,127.99990129,131.12823048,127.99990129,129.63552856,2551000,yfinance
2021-03-10,130.49308037,131.94608053,130.00079524,131.19178772,2511700,yfinance
2021-03-11,131.88256597,133.93106228,131.31882422,132.78771973,2906700,yfinance
2021-03-12,132.2875035,133.49437926,131.75552832,133.14501953,1914800,yfinance
2021-03-15,133.31173902,133.3355579,127.84906234,129.1353302,4535900,yfinance
2021-03-16,129.24652321,130.34224034,128.17462496,129.27828979,2397800,yfinance
2021-03-17,127.65849818,128.42867419,126.68982344,127.55527496,3644100,yfinance
2021-03-18,127.39647388,127.94433227,126.19754599,127.19797516,2964900,yfinance
2021-03-19,128.17465142,131.19978359,125.99911212,126.47550201,14934200,yfinance
2021-03-22,126.79305205,128.40486079,125.87995062,127.88082123,3893900,yfinance
2021-03-23,126.88038654,128.75421497,126.42780363,126.92802429,2920800,yfinance
2021-03-24,127.08683732,128.8415716,126.80099864,126.96774292,2285300,yfinance
2021-03-25,126.64220855,129.93728311,126.0070101,129.61968994,2944500,yfinance
2021-03-26,130.61217549,133.4705623,130.04843372,133.37527466,3135500,yfinance
2021-03-29,133.08150295,134.16133664,132.32721012,133.50231934,2702600,yfinance
2021-03-30,133.04179126,134.97120527,132.91474916,133.89930725,2401100,yfinance
2021-03-31,134.36774756,135.77312186,133.07354416,134.97119141,3688400,yfinance
2021-04-01,135.12208392,136.67831969,134.05019777,135.9954834,3615000,yfinance
2021-04-05,136.64654182,137.39288693,135.86048242,136.5274353,2315900,yfinance
2021-04-06,136.6386217,138.17897422,135.95578539,137.33734131,2465600,yfinance
2021-04-07,137.305547,137.63903555,135.93193906,136.5274353,2079700,yfinance
2021-04-08,136.9959335,137.55173986,135.97962056,137.37705994,2029100,yfinance
2021-04-09,137.57554523,139.70344645,137.21824983,139.69551086,2579800,yfinance
2021-04-12,139.29848221,142.38712222,138.75062373,141.79162598,3024000,yfinance
2021-04-13,141.29139884,142.85556986,140.28302186,142.45857239,2465400,yfinance
2021-04-14,141.9821938,142.44270024,139.65578211,139.90986633,2591900,yfinance
2021-04-15,142.0060347,143.59402497,140.14807687,142.63328552,3139200,yfinance
2021-04-16,143.49869358,143.86393656,142.07744805,142.68882751,2820500,yfinance
2021-04-19,142.84766474,142.84766474,141.06117572,141.37876892,2614200,yfinance
2021-04-20,141.25170059,142.80000048,140.41006786,142.67295837,2642500,yfinance
2021-04-21,142.43474567,142.55384006,140.98968124,141.78367615,3204400,yfinance
2021-04-22,141.17228188,143.54631865,140.70382785,140.9420166,3077900,yfinance
2021-04-23,141.21201832,143.16523927,140.79913752,142.09335327,2407100,yfinance
2021-04-26,142.74444687,142.80003234,138.71095006,139.59228516,3972900,yfinance
2021-04-27,151.06549087,156.6393394,150.62880329,154.13825989,14666500,yfinance
2021-04-28,155.13867442,157.55241376,154.11442625,157.504776,6308800,yfinance
2021-04-29,158.71165286,162.37197013,156.94898307,161.75265503,6950000,yfinance
2021-04-30,160.14084767,163.38034861,158.65608095,161.86381531,5931200,yfinance
2021-05-03,164.69042307,169.42263807,164.45222217,168.48571777,7286100,yfinance
2021-05-04,168.00933698,170.94711588,167.42177635,170.16105652,5775400,yfinance
2021-05-05,170.6533333,171.30441499,168.93036566,170.32780457,4187000,yfinance
2021-05-06,170.64539954,170.70892059,168.38252111,170.53424072,4470100,yfinance
2021-05-07,170.4469165,173.36087689,169.75614468,172.69392395,2644100,yfinance
2021-05-10,172.69390939,174.353356,171.31235375,171.60614014,3566300,yfinance
2021-05-11,169.8593509,170.70893139,168.00935314,170.17695618,3088500,yfinance
2021-05-12,168.32691931,169.79581472,167.02476815,167.29472351,2667100,yfinance
2021-05-13,167.67587868,172.2175316,167.63618861,171.24092102,3208000,yfinance
2021-05-14,172.14603847,172.90033123,170.79624951,171.80462646,2333700,yfinance
2021-05-17,171.11385444,172.25720915,170.70892136,171.73316956,2071200,yfinance
2021-05-18,172.31280161,172.31280161,169.89111439,169.90699768,2041500,yfinance
2021-05-19,168.32690212,170.27218701,167.24706868,170.1927948,2141100,yfinance
2021-05-20,170.18488747,171.24883787,168.91450272,169.86729431,2716600,yfinance
2021-05-21,170.87251505,171.43895747,168.95780309,169.02960205,3927700,yfinance
2021-05-24,170.79274638,171.15175336,169.58008895,170.27416992,1981300,yfinance
2021-05-25,170.2183354,171.64638975,168.47115425,168.72645569,2414300,yfinance
2021-05-26,169.89919478,170.89644303,169.00565207,170.57731628,2376300,yfinance
2021-05-27,170.96821258,173.0105747,169.13327369,169.77151489,5110200,yfinance
2021-05-28,170.59328745,172.22079135,169.9550461,171.20759583,2128000,yfinance
2021-06-01,171.99741499,172.76330708,170.0986624,170.16247559,1865300,yfinance
2021-06-02,170.96026061,170.96026061,168.33550851,169.06150818,2486000,yfinance
2021-06-03,168.37540844,170.0747113,167.64143514,169.11735535,2172400,yfinance
2021-06-04,169.46042495,170.25023787,166.44474684,168.04034424,2943900,yfinance
2021-06-07,168.00840683,171.85380198,167.78502419,169.86727905,3444300,yfinance
2021-06-08,169.81144421,170.17045117,167.18667989,167.34623718,3402000,yfinance
2021-06-09,165.98998609,166.66811981,157.16633492,160.40539551,10560600,yfinance
2021-06-10,162.88650584,163.02213011,160.56490946,162.11264038,4880000,yfinance
2021-06-11,162.47963302,163.74015601,161.01966041,162.11264038,2699200,yfinance
2021-06-14,161.91321181,162.56741245,159.64746687,160.42930603,2157500,yfinance
2021-06-15,160.7165344,162.63923205,158.9773392,161.42657471,2414900,yfinance
2021-06-16,160.89206959,161.53828461,159.00926408,159.89482117,2102900,yfinance
2021-06-17,159.95861717,159.95861717,155.94569124,158.00401306,3068700,yfinance
2021-06-18,156.58391141,159.24058181,155.97757677,157.78060913,8170500,yfinance
2021-06-21,159.04913194,163.22161527,158.74596457,162.2084198,3638000,yfinance
2021-06-22,161.33084967,164.44225965,161.26702432,163.86784363,3460700,yfinance
2021-06-23,163.74819581,164.57790116,162.41587334,162.76690674,2504500,yfinance
2021-06-24,164.77733651,164.85712125,163.74818155,164.42631531,2602500,yfinance
2021-06-25,161.58613737,164.62576053,161.31488874,164.03538513,6618600,yfinance
2021-06-28,164.09918568,164.36246066,161.753656,163.73219299,2288100,yfinance
2021-06-29,163.77210909,165.91818945,162.95037744,165.63098145,2291100,yfinance
2021-06-30,164.73741351,166.04580253,164.29063613,165.91815186,2744800,yfinance
2021-07-01,167.05105201,167.84087702,165.94211241,167.71322632,2746100,yfinance
2021-07-02,167.21064547,169.21312823,166.9633298,168.75837708,2172300,yfinance
2021-07-06,167.90474747,168.82221126,166.09374072,168.56690979,2421300,yfinance
2021-07-07,168.58280657,171.47083337,167.79299381,170.93630981,2553700,yfinance
2021-07-08,167.79300046,169.69175277,167.45791435,169.18914795,2354300,yfinance
2021-07-09,170.64115185,171.12780951,169.66783653,170.66508484,2050500,yfinance
2021-07-12,168.33552455,170.79274599,167.86482625,170.19439697,2216100,yfinance
2021-07-13,170.19442802,170.88053551,168.13610555,168.55096436,1852200,yfinance
2021-07-14,168.60679336,169.45245813,167.24256424,168.75837708,2867500,yfinance
2021-07-15,168.41529106,170.53742611,168.02436536,169.81941223,1663200,yfinance
2021-07-16,170.0268698,170.35397022,167.62549989,167.99249268,3805300,yfinance
2021-07-19,166.30912441,168.70252054,164.88105791,168.66262817,2910700,yfinance
2021-07-20,169.18116318,170.96025059,168.10414242,169.50028992,2257000,yfinance
2021-07-21,169.65985263,171.29534219,169.26892694,169.49230957,1770900,yfinance
2021-07-22,169.42054301,170.5135234,169.02164363,170.11462402,1629700,yfinance
2021-07-23,169.92313286,170.13055612,168.28764325,168.84609985,2188900,yfinance
2021-07-26,168.49507266,169.33276368,167.01915246,167.42602539,2673700,yfinance
2021-07-27,158.01996908,158.01996908,151.78915201,155.7223053,13741500,yfinance
2021-07-28,155.64253203,156.26481399,151.98861284,153.20924377,6295500,yfinance
2021-07-29,153.99910287,155.16389449,152.85027064,153.02578735,3150300,yfinance
2021-07-30,151.58174141,153.68792933,150.24144554,152.66674805,3741600,yfinance
2021-08-02,153.45660177,154.55755582,152.41147513,153.12950134,2782500,yfinance
2021-08-03,152.57898231,154.97237811,152.03648511,154.89259338,2726600,yfinance
2021-08-04,153.91127442,154.61334095,152.04442898,152.21195984,2341700,yfinance
2021-08-05,152.73855601,153.41668977,151.66153509,151.91682434,2045200,yfinance
2021-08-06,152.99386199,154.73305733,152.60293624,153.65603638,2340100,yfinance
2021-08-09,152.43539756,153.30499519,152.25988088,152.36358643,2150100,yfinance
2021-08-10,152.52315937,153.27309214,151.90087732,152.06842041,1668000,yfinance
2021-08-11,152.62686233,153.59220408,152.15616403,153.49645996,2131100,yfinance
2021-08-12,153.71982577,155.21969101,153.39273761,154.48571777,2457900,yfinance
2021-08-13,153.99908219,155.49096187,153.92728323,154.75698853,2432200,yfinance
2021-08-16,154.78889495,157.42163289,154.4378616,157.22218323,3091700,yfinance
2021-08-17,156.1212224,158.2034774,155.21173241,157.7726593,2957700,yfinance
2021-08-18,157.18229256,159.16880339,155.33139385,155.41117859,2605800,yfinance
2021-08-19,154.47772276,156.52008491,153.57620659,154.82077026,2858800,yfinance
2021-08-20,154.3476488,155.80732069,154.06695114,154.98124695,2222800,yfinance
2021-08-23,155.78325945,156.65745208,154.70053526,154.78875732,2248700,yfinance
2021-08-24,154.98925109,156.13612557,154.69250974,155.0052948,1667500,yfinance
2021-08-25,154.88499759,155.56671464,154.15517388,154.68449402,1593900,yfinance
2021-08-26,155.10152531,155.17370365,154.04287293,154.27545166,1969700,yfinance
2021-08-27,154.24334182,155.49448173,154.09897294,155.02931213,1947800,yfinance
2021-08-30,155.49451662,156.88199775,154.67645871,155.59877014,1507700,yfinance
2021-08-31,156.15217639,157.28301945,154.70854826,156.89805603,2782000,yfinance
2021-09-01,156.97021546,158.22937135,155.13359614,157.51557922,2381100,yfinance
2021-09-02,157.92459484,159.80130484,157.64388501,158.95117188,2021200,yfinance
2021-09-03,158.16523195,159.20784066,157.9406567,158.26948547,1491800,yfinance
2021-09-07,158.51807968,158.75868635,156.6173102,156.84187317,2266200,yfinance
2021-09-08,156.8258398,156.8258398,155.17369262,156.04789734,2455300,yfinance
2021-09-09,154.97320024,155.8794802,150.81877256,151.58869934,3636700,yfinance
2021-09-10,152.76763997,155.34211058,152.39069237,154.99723816,3094100,yfinance
2021-09-13,156.16018434,156.65742921,154.46793396,155.90353394,2136200,yfinance
2021-09-14,156.58524717,157.09853574,153.0403461,153.19271851,1895300,yfinance
2021-09-15,153.66590285,155.45439082,153.06439229,155.06942749,1769200,yfinance
2021-09-16,155.077464,155.75918095,153.51353878,154.76467896,1657200,yfinance
2021-09-17,154.43584844,157.39528272,152.11802795,152.40675354,4504200,yfinance
2021-09-20,151.05935861,152.04583251,149.84029377,151.89344788,2439500,yfinance
2021-09-21,152.46287596,152.96012075,150.78665729,152.16612244,2496400,yfinance
2021-09-22,147.45028704,150.22524878,146.06279393,148.61320496,4229800,yfinance
2021-09-23,149.1746417,150.6503449,148.90195981,149.80822754,2527500,yfinance
2021-09-24,149.57562815,151.3400567,149.01422073,150.79469299,2312900,yfinance
2021-09-27,150.27336357,151.25984963,149.6959125,149.84829712,1847600,yfinance
2021-09-28,149.71995607,150.62623573,149.25479875,149.78411865,3093900,yfinance
2021-09-29,149.99268423,150.73855149,147.92348633,148.16409302,2467400,yfinance
2021-09-30,148.57313868,150.16915143,145.96659239,146.04679871,2902800,yfinance
2021-10-01,146.68034034,146.69638405,143.42416545,145.55752563,3014500,yfinance
2021-10-04,144.76352751,145.72594186,142.06074424,143.09533691,3512500,yfinance
2021-10-05,143.14347115,145.19662526,142.46176652,144.09786987,2491800,yfinance
2021-10-06,143.07934539,145.30092841,142.6222036,144.92398071,2119200,yfinance
2021-10-07,146.75252299,147.58662443,145.30087956,145.64575195,2518400,yfinance
2021-10-08,144.92397912,147.97163586,144.10592112,147.16160583,2781700,yfinance
2021-10-11,147.81121092,147.82725462,145.58962828,145.75805664,1780200,yfinance
2021-10-12,145.98261657,146.56808347,144.86781741,145.95855713,2615700,yfinance
2021-10-13,146.11090785,148.3164464,144.89987109,147.61869812,3780400,yfinance
2021-10-14,150.48993294,153.81027099,150.18516365,153.52154541,4106400,yfinance
2021-10-15,153.95465869,155.59877809,152.95214089,155.39025879,3153400,yfinance
2021-10-18,155.16569459,156.88200456,154.84489379,155.10153198,2305000,yfinance
2021-10-19,155.51053955,156.32058168,154.82883486,155.4223175,1974500,yfinance
2021-10-20,156.24035161,156.8338464,154.94910853,156.60928345,1952000,yfinance
2021-10-21,156.88197419,160.4028155,156.73760529,159.95368958,2997300,yfinance
2021-10-22,159.49655927,163.73922122,159.40032148,163.45851135,3735900,yfinance
2021-10-25,162.82492127,164.86203189,161.87853818,163.53068542,4829700,yfinance
2021-10-26,171.6390454,176.63560241,171.35834778,174.89523315,6596500,yfinance
2021-10-27,174.13331489,174.42204049,168.8159692,170.19543457,3309000,yfinance
2021-10-28,171.06158268,171.66309325,169.18487261,171.55081177,2236400,yfinance
2021-10-29,170.62049623,173.29120484,170.22750488,171.20596313,2362000,yfinance
2021-11-01,172.32074119,172.32074119,168.34274607,169.14476013,1868400,yfinance
2021-11-02,169.14475563,169.14475563,167.17180795,167.73321533,2206700,yfinance
2021-11-03,167.46057585,170.71675171,166.32973283,170.62051392,1765800,yfinance
2021-11-04,170.94931581,171.25408511,168.27059141,169.00042725,2451900,yfinance
2021-11-05,169.64202556,169.7944102,166.0650373,166.99537659,2117800,yfinance
2021-11-08,167.42847775,168.3347577,166.23348444,167.86157227,2166100,yfinance
2021-11-09,168.0941461,168.5272406,166.82696224,168.39089966,1552900,yfinance
2021-11-10,168.3347413,170.78890252,167.98185313,169.73826599,2415500,yfinance
2021-11-11,171.31024969,173.6280704,170.251585,171.06161499,2113700,yfinance
2021-11-12,170.56433353,172.4971904,170.02698556,170.98138428,1600300,yfinance
2021-11-15,170.71670943,171.14979163,169.0886219,169.64201355,1378300,yfinance
2021-11-16,169.69016602,171.55886057,169.63401915,169.92274475,2302800,yfinance
2021-11-17,170.0189613,170.23549628,166.40989811,166.69862366,2542300,yfinance
2021-11-18,167.02747623,167.1959046,164.77381824,166.39389038,3919400,yfinance
2021-11-19,167.42551503,169.79508819,166.2729744,168.02194214,2677600,yfinance
2021-11-22,168.06225013,171.10884081,167.3610421,169.96435547,2220500,yfinance
2021-11-23,170.08523696,171.9712192,168.06224016,170.71389771,2345300,yfinance
2021-11-24,169.73867623,170.86703854,167.85268164,168.02194214,2518700,yfinance
2021-11-26,166.15205264,168.87625717,165.04786875,165.46697998,1941000,yfinance
2021-11-29,164.54819325,166.03118731,162.40429244,164.93505859,3435100,yfinance
2021-11-30,164.01622484,164.01622484,159.66395647,159.88156128,6267600,yfinance
2021-12-01,161.90459366,162.92817515,156.35947036,156.48036194,2938400,yfinance
2021-12-02,157.39110766,161.70308734,156.21438873,161.11471558,2423400,yfinance
2021-12-03,162.0335422,163.31505444,159.38993974,161.78369141,2606400,yfinance
2021-12-06,162.79923988,164.91089492,162.3075936,162.85565186,3006700,yfinance
2021-12-07,164.68520228,165.94252383,163.91952696,165.53953552,2250600,yfinance
2021-12-08,166.04734506,167.23213195,163.92762213,164.99957275,1615500,yfinance
2021-12-09,164.45954138,167.55448883,164.22580125,166.46641541,1931500,yfinance
2021-12-10,167.64314617,169.14226326,167.11119862,168.53778076,1887900,yfinance
2021-12-13,166.79686093,168.7070339,165.72491054,166.28103638,1909700,yfinance
2021-12-14,165.38643603,166.95808832,163.67776916,164.2097168,1930500,yfinance
2021-12-15,166.55504566,167.99775055,164.83832401,165.84579468,3703400,yfinance
2021-12-16,167.52224426,170.73002774,167.49806595,167.61895752,2932600,yfinance
2021-12-17,169.89984985,171.29418576,166.35354585,166.50668335,5625800,yfinance
2021-12-20,165.24938321,166.02312617,162.33980716,163.15383911,2936400,yfinance
2021-12-21,164.62875724,167.69953807,164.18548,166.91773987,2317000,yfinance
2021-12-22,167.09505197,168.10252258,166.46637899,167.9977417,1716500,yfinance
2021-12-23,168.61835031,171.85031168,168.61835031,171.02015686,2573900,yfinance
2021-12-27,171.58435768,173.77661501,171.35062987,173.37362671,1807200,yfinance
2021-12-28,172.93032532,174.21182508,172.26136332,173.02703857,1375400,yfinance
2021-12-29,172.90614593,174.3649615,172.32584184,172.96257019,1154900,yfinance
2021-12-30,173.05929845,174.09094752,171.69719601,172.39839172,1207000,yfinance
2021-12-31,171.78585178,173.62347744,170.65748946,172.75302124,1579900,yfinance
2022-01-03,173.0028722,173.8088488,169.95628164,172.07600403,2319600,yfinance
2022-01-04,172.80140404,176.23487274,172.1566325,175.13067627,2741200,yfinance
2022-01-05,174.73576654,175.68681323,172.65634499,172.93037415,2710800,yfinance
2022-01-06,173.33333642,175.00171399,171.93900026,174.60678101,2102200,yfinance
2022-01-07,175.17903951,176.87158319,173.43005926,175.83187866,3014000,yfinance
2022-01-10,174.93723092,175.08230081,169.74673943,170.64942932,2853800,yfinance
2022-01-11,170.46405771,170.46405771,167.67537315,170.27868652,1771700,yfinance
2022-01-12,170.80258456,172.0437956,169.33571333,170.23840332,1865700,yfinance
2022-01-13,170.51240742,172.18884022,169.19866162,169.63389587,1828500,yfinance
2022-01-14,167.82851794,168.57808264,165.62820508,166.46641541,1921600,yfinance
2022-01-18,164.83835597,166.06343168,162.41235826,165.70074463,2339700,yfinance
2022-01-19,165.26553169,167.03867805,163.98403164,164.22581482,1701700,yfinance
2022-01-20,165.79746667,166.82911582,162.89594573,163.04101562,1706800,yfinance
2022-01-21,163.26671223,164.85447507,161.5177319,162.76699829,2570400,yfinance
2022-01-24,160.39740853,165.08014319,158.20515106,164.52401733,3660900,yfinance
2022-01-25,161.2356159,164.04846627,158.92245477,162.75891113,3817200,yfinance
2022-01-26,163.87115248,166.06339731,158.95469078,160.389328,3074700,yfinance
2022-01-27,161.67894711,162.59776015,156.29501582,157.02845764,3371000,yfinance
2022-01-28,157.81022606,159.86546892,155.34393954,159.78486633,3066200,yfinance
2022-01-31,159.72036471,163.20218916,158.68871576,162.97651672,4626700,yfinance
2022-02-01,181.35281672,188.37287934,178.93488657,185.93077087,19125300,yfinance
2022-02-02,185.89850977,187.23643396,181.9089278,187.07524109,5474000,yfinance
2022-02-03,185.24563944,187.13968917,183.14204024,184.31877136,3503300,yfinance
2022-02-04,183.19041759,183.61759651,179.66830375,181.17547607,3623100,yfinance
2022-02-07,181.73964269,183.39995229,178.55602573,181.39306641,3295900,yfinance
2022-02-08,181.13520853,182.58595676,179.86176387,181.50595093,2759600,yfinance
2022-02-09,183.65786269,185.65669328,181.02232836,181.40113831,2130300,yfinance
2022-02-10,179.41847171,180.6193814,176.72651251,177.8629303,3379500,yfinance
2022-02-11,177.52440007,178.3384443,170.95569575,172.06794739,3821000,yfinance
2022-02-14,172.22915181,173.22855498,170.64137683,172.47094727,3641400,yfinance
2022-02-15,174.0667714,176.88768957,173.84915427,175.10647583,3149000,yfinance
2022-02-16,173.97007011,175.6948597,172.07602,173.53483582,2226700,yfinance
2022-02-17,172.53538235,172.75298714,169.02937992,169.82730103,2815600,yfinance
2022-02-18,169.02361809,171.22369084,168.49593163,169.96534729,2823900,yfinance
2022-02-22,169.45388306,170.93142493,167.78150921,169.64872742,3558300,yfinance
2022-02-23,170.05465203,171.2642876,165.75193484,166.00360107,2836000,yfinance
2022-02-24,162.45588069,168.39037715,161.59533981,168.20365906,3347000,yfinance
2022-02-25,168.24426038,171.77572618,167.94387378,170.44432068,2657100,yfinance
2022-02-28,167.37560699,171.23992758,166.05231525,170.82589722,3536700,yfinance
2022-03-01,170.05466698,170.98015614,165.44344889,166.89663696,2986100,yfinance
2022-03-02,167.15638019,173.22077262,167.02649634,171.67018127,2854200,yfinance
2022-03-03,173.6348552,175.55078168,171.96248111,172.45768738,3019500,yfinance
2022-03-04,171.36169563,171.45911162,168.0981238,170.80152893,2442900,yfinance
2022-03-07,168.41475074,169.66498048,162.48025359,163.32455444,4043100,yfinance
2022-03-08,164.06332326,169.23470774,161.17319984,165.13494873,4001000,yfinance
2022-03-09,169.67307384,169.90038606,167.48924138,167.87080383,3097600,yfinance
2022-03-10,166.01982,168.34977635,165.50024747,168.19552612,2284100,yfinance
2022-03-11,168.79631752,169.81110878,165.3785075,165.53274536,2006600,yfinance
2022-03-14,166.90474202,169.6000335,165.00505579,165.85748291,2237200,yfinance
2022-03-15,168.44723995,171.48348755,167.68411492,170.91520691,2865400,yfinance
2022-03-16,172.59568707,176.98769384,172.5226127,176.89839172,3022000,yfinance
2022-03-17,175.35588969,180.68963728,174.34921253,180.48667908,3520200,yfinance
2022-03-18,179.39881852,179.57742273,176.03783104,178.42462158,6278200,yfinance
2022-03-21,177.13382988,180.06454727,176.12715258,177.4342041,2244600,yfinance
2022-03-22,178.26225518,178.92795167,176.39503719,177.32052612,2182100,yfinance
2022-03-23,176.55745119,176.75229558,173.91087986,174.20314026,1939300,yfinance
2022-03-24,174.34111313,174.91751994,173.18019805,174.26805115,1882500,yfinance
2022-03-25,174.13812325,174.98242385,172.16537563,174.82818604,1754200,yfinance
2022-03-28,175.64819619,178.47337169,175.41277006,178.23794556,2353200,yfinance
2022-03-29,180.19443393,181.82621358,179.00103859,180.59222412,3034800,yfinance
2022-03-30,180.2269115,180.47046386,177.44233048,178.76560974,2200200,yfinance
2022-03-31,177.91315253,179.27703807,174.10566711,174.10566711,2858600,yfinance
2022-04-01,174.46290779,174.71458643,165.38662074,167.75717163,3993600,yfinance
2022-04-04,166.25525646,167.45677809,164.46922653,166.59623718,3204600,yfinance
2022-04-05,162.56955991,164.1526318,159.1273835,160.10159302,6270700,yfinance
2022-04-06,158.77830865,159.86616196,156.88673616,157.81222534,3911700,yfinance
2022-04-07,157.85280994,157.85280994,153.85859308,156.44021606,3627900,yfinance
2022-04-08,153.21722586,155.75015303,151.04151954,155.03573608,5465800,yfinance
2022-04-11,154.04529613,157.65795014,153.1441611,154.93019104,2787300,yfinance
2022-04-12,155.04385444,155.97746977,151.65039863,152.53529358,3428800,yfinance
2022-04-13,152.18621178,154.28072992,151.54485681,153.33088684,2296000,yfinance
2022-04-14,155.1575134,155.29552352,152.49470225,152.64083862,2624300,yfinance
2022-04-18,152.38105711,153.2740784,150.73303706,151.94267273,2552600,yfinance
2022-04-19,152.8275666,155.46602393,152.34858809,154.80844116,2448800,yfinance
2022-04-20,155.85564854,156.46452311,154.45118135,154.5973053,2526000,yfinance
2022-04-21,155.49036359,155.49036359,152.47034403,153.27406311,2618200,yfinance
2022-04-22,152.83565956,155.01137821,151.76404656,151.93452454,3964200,yfinance
2022-04-25,151.51238104,154.52427422,148.71154757,153.95599365,5354900,yfinance
2022-04-26,151.56110495,152.15373958,146.80376307,148.60603333,7811800,yfinance
2022-04-27,148.21634386,152.08877801,147.70488515,151.32565308,3978600,yfinance
2022-04-28,152.81941056,154.93016841,151.09831661,154.37812805,3176700,yfinance
2022-04-29,151.12271692,153.0629974,145.7727401,146.1137085,4853500,yfinance
2022-05-02,146.35724059,146.93364742,142.24936792,144.97712708,5026600,yfinance
2022-05-03,145.51294481,146.09746554,143.32911216,144.60368347,3266300,yfinance
2022-05-04,144.554979,149.54775928,143.70255189,149.21490479,3920500,yfinance
2022-05-05,147.46945194,148.84145162,144.36014261,145.95944214,3249700,yfinance
2022-05-06,145.43174326,146.98234705,142.60656828,146.06497192,2826600,yfinance
2022-05-09,144.27084057,149.06065007,143.56453747,147.29084778,3925400,yfinance
2022-05-10,148.72780199,149.78318736,145.87827265,147.76171875,3510200,yfinance
2022-05-11,147.1690819,148.32188325,143.62137574,144.06788635,4934100,yfinance
2022-05-12,142.99623953,145.12323766,140.60133507,145.03393555,5352400,yfinance
2022-05-13,144.81287535,146.62242769,143.90400744,145.77905273,3598100,yfinance
2022-05-16,145.59896085,148.98879092,144.79652819,147.19561768,3003600,yfinance
2022-05-17,149.84032461,150.47080379,147.6705107,149.95495605,2640900,yfinance
2022-05-18,146.95814764,147.49855837,140.44050987,141.02185059,4275300,yfinance
2022-05-19,139.32691584,140.18665775,135.38029654,137.05883789,4382900,yfinance
2022-05-20,138.5327286,140.18670756,136.37928131,140.04750061,3483300,yfinance
2022-05-23,141.39847922,143.01151514,140.38316341,142.79043579,2837700,yfinance
2022-05-24,141.48035122,143.06882415,139.49885805,142.56117249,2865100,yfinance
2022-05-25,140.72704531,143.33901733,140.10476228,142.35646057,3370100,yfinance
2022-05-26,143.69114946,147.40849423,143.69114946,146.05747986,2628400,yfinance
2022-05-27,146.27851379,149.47183908,146.22120433,149.45545959,2959800,yfinance
2022-05-31,147.52310706,151.1585789,146.31128727,149.22621155,8734300,yfinance
2022-06-01,149.21803015,150.65092932,146.85170002,147.57223511,3253800,yfinance
2022-06-02,149.1770987,150.73281292,147.55587902,150.71644592,2317800,yfinance
2022-06-03,149.324442,151.92003459,149.07881218,151.87910461,3802200,yfinance
2022-06-06,153.01726127,154.65486034,152.73885993,153.20558167,2649200,yfinance
2022-06-07,151.35506396,152.30486171,149.19343419,151.89546204,2984000,yfinance
2022-06-08,149.46368652,150.04503979,145.73815801,146.92541504,3592200,yfinance
2022-06-09,146.56509228,148.53020584,144.50991029,144.55903625,2891600,yfinance
2022-06-10,141.89795243,143.28990905,140.7024997,141.69325256,3220600,yfinance
2022-06-13,139.87551938,143.19165984,138.78651455,141.42304993,4302900,yfinance
2022-06-14,142.51204338,145.72173565,140.86624853,142.60211182,3925500,yfinance
2022-06-15,143.37182008,147.44943873,142.01260969,144.01048279,3465100,yfinance
2022-06-16,140.12934798,141.88976193,139.80183317,140.98908997,3355500,yfinance
2022-06-17,140.39136805,142.23366693,138.75376905,140.07203674,7578300,yfinance
2022-06-21,141.35757109,143.28993877,141.17743417,142.88053894,2845800,yfinance
2022-06-22,141.54589029,144.77196289,141.13649047,144.23155212,2671000,yfinance
2022-06-23,145.23048102,146.57331187,143.48644637,146.26217651,2923600,yfinance
2022-06-24,148.0143609,151.16673088,148.0143609,150.08592224,4826400,yfinance
2022-06-27,151.35510929,151.44517774,148.24366835,148.86595154,1902300,yfinance
2022-06-28,149.64377724,151.70715528,146.98267913,147.31838989,2380800,yfinance
2022-06-29,147.65413141,148.71037739,145.47612151,148.30917358,2101000,yfinance
2022-06-30,146.49143486,150.56905325,145.39424643,149.46366882,3728200,yfinance
2022-07-01,148.84135963,152.38676267,148.62028029,151.4697113,2962500,yfinance
2022-07-05,149.25894186,151.45333082,148.80041618,151.17494202,2471800,yfinance
2022-07-06,151.29774943,152.2639392,149.6028412,151.61708069,2005000,yfinance
2022-07-07,152.23940513,153.12371021,149.86489127,152.45230103,2961800,yfinance
2022-07-08,152.05927354,152.54236229,149.91401017,151.80543518,1938200,yfinance
2022-07-11,150.42987233,152.96815623,150.42987233,151.1831665,2275900,yfinance
2022-07-12,148.63668255,149.42273562,145.79544709,146.86807251,4207600,yfinance
2022-07-13,146.09843053,148.20275185,144.29707362,145.68084717,2414400,yfinance
2022-07-14,144.87018638,146.13932808,143.39635731,145.97557068,2487000,yfinance
2022-07-15,147.85062695,149.68472978,147.85062695,149.5045929,5014100,yfinance
2022-07-18,149.29173146,150.57724033,147.16284752,147.44943237,2289200,yfinance
2022-07-19,148.4074347,152.25579051,148.3992512,152.14115906,2710800,yfinance
2022-07-20,152.17390672,153.52492103,150.88020189,152.9927063,1754800,yfinance
2022-07-21,153.07454652,154.04891981,152.15749518,153.12367249,2320100,yfinance
2022-07-22,154.45836425,154.99057903,152.01834482,153.91795349,2255200,yfinance
2022-07-25,154.7203529,155.51457689,153.08275397,153.86061096,2816100,yfinance
2022-07-26,146.7698111,150.52809783,146.2867224,148.63667297,4961000,yfinance
2022-07-27,149.75024173,151.50247217,147.43303761,150.57722473,2739300,yfinance
2022-07-28,151.19952502,154.81043397,150.49535693,154.13082886,2452500,yfinance
2022-07-29,154.38465028,160.26362477,153.91792856,159.57583618,4093100,yfinance
2022-08-01,158.09382288,160.33733821,157.96281195,159.94430542,2086100,yfinance
2022-08-02,159.27288101,159.64133828,157.16037682,158.46226501,2075100,yfinance
2022-08-03,159.41207121,159.94428587,157.83178173,158.37219238,1916700,yfinance
2022-08-04,157.78268216,159.3711554,156.88201008,159.27290344,1627300,yfinance
2022-08-05,158.39677012,161.22982206,158.39677012,161.10699463,1785900,yfinance
2022-08-08,162.00767404,162.97385148,160.16537511,160.55839539,2102500,yfinance
2022-08-09,160.86954408,161.73746958,159.84604467,161.016922,2022400,yfinance
2022-08-10,163.5715684,165.94608179,162.94927282,165.70043945,2791400,yfinance
2022-08-11,166.51108272,168.59082815,165.1928149,167.38719177,2730600,yfinance
2022-08-12,167.08194056,169.10303667,166.33126102,169.02053833,1883100,yfinance
2022-08-15,168.15437899,170.02698087,167.70066322,169.83724976,1618200,yfinance
2022-08-16,168.50085558,171.33862788,168.10489116,170.22497559,2296000,yfinance
2022-08-17,167.04071218,170.03521085,166.92522205,169.0947876,1767300,yfinance
2022-08-18,168.60807642,171.76757171,168.29459781,171.62733459,1913900,yfinance
2022-08-19,172.33678813,172.73275252,170.5466847,171.94081116,2704300,yfinance
2022-08-22,169.52375481,171.28911117,169.25152537,170.26618958,3593500,yfinance
2022-08-23,170.42293536,171.29736248,168.64933413,169.33403015,2088000,yfinance
2022-08-24,168.20387359,169.18554611,167.35419341,167.49443054,2024000,yfinance
2022-08-25,168.02236463,169.14427413,167.05719444,169.11128235,1984400,yfinance
2022-08-26,169.01232082,169.68875951,164.05446415,164.10395813,2203900,yfinance
2022-08-29,163.56773601,164.5989024,162.66856195,162.73455811,1928000,yfinance
2022-08-30,163.06454979,163.67500491,160.54850093,160.90322876,2238000,yfinance
2022-08-31,161.04345651,161.83538531,160.05353921,160.45774841,2627700,yfinance
2022-09-01,160.35051183,162.58607365,159.30284319,162.19010925,2343300,yfinance
2022-09-02,164.50813911,164.96185478,160.31747791,161.7281189,2665100,yfinance
2022-09-06,160.68870215,161.85186076,157.81793868,161.65388489,3760600,yfinance
2022-09-07,160.77947556,162.59433867,159.14611135,161.9261322,2902300,yfinance
2022-09-08,161.05995367,162.14061409,159.69056161,161.79414368,2166300,yfinance
2022-09-09,162.98203904,164.49991292,162.62731126,163.90596008,1748000,yfinance
2022-09-12,164.61540706,165.77856579,164.57415789,165.12686157,2382600,yfinance
2022-09-13,161.81887114,163.07276032,158.50263673,158.97285461,2382500,yfinance
2022-09-14,159.08010156,159.50907031,156.40732628,157.52923584,2608300,yfinance
2022-09-15,157.33947258,157.70244512,152.2661395,152.61260986,4041800,yfinance
2022-09-16,146.56590049,147.44858518,142.87844757,145.77397156,12562000,yfinance
2022-09-19,145.44397326,148.81794709,144.89951432,148.51272583,3018000,yfinance
2022-09-20,147.13506735,147.43204377,144.07456003,144.92424011,2827400,yfinance
2022-09-21,146.07914954,148.14148222,143.3486231,143.39811707,3162900,yfinance
2022-09-22,141.74826754,141.76476973,138.35779172,138.47328186,5238500,yfinance
2022-09-23,136.01497978,136.65842662,133.55666997,135.56126404,4252800,yfinance
2022-09-26,134.74457832,135.24778804,132.08004775,133.43293762,4163600,yfinance
2022-09-27,134.90959355,137.0131761,134.05166841,135.92427063,3371200,yfinance
2022-09-28,136.34493443,138.73723525,135.61898931,137.86280823,2958100,yfinance
2022-09-29,137.20287804,137.52460144,135.08279395,136.37794495,2494900,yfinance
2022-09-30,136.08097165,136.37794807,133.24319973,133.25968933,2823300,yfinance
2022-10-03,132.50904688,135.75102888,131.510872,134.53837585,3494500,yfinance
2022-10-04,136.60892788,139.52918555,136.08921599,139.32295227,3414500,yfinance
2022-10-05,137.80507331,140.13963543,137.5080969,138.53100586,2811400,yfinance
2022-10-06,138.06905508,138.9434822,135.88298731,136.6089325,2375000,yfinance
2022-10-07,135.25606101,135.2972976,130.61992759,131.27987671,3491000,yfinance
2022-10-10,132.84722908,133.47418633,130.66940606,131.77482605,3141700,yfinance
2022-10-11,131.47783175,133.00395032,130.71889487,131.50257874,2164600,yfinance
2022-10-12,131.90680366,133.41643281,131.15612407,131.56033325,2229200,yfinance
2022-10-13,128.78032704,135.96550101,127.7574053,135.00857544,2574100,yfinance
2022-10-14,135.75928301,136.57595894,133.21022948,133.37521362,1936400,yfinance
2022-10-17,135.47877381,137.03789703,135.06630722,135.88299561,2274700,yfinance
2022-10-18,138.15977858,139.20744704,135.80046964,137.75556946,2282500,yfinance
2022-10-19,137.58235918,137.95357661,135.83350481,136.76567078,2129900,yfinance
2022-10-20,135.8334743,136.29543477,132.25326801,132.79771423,2832600,yfinance
2022-10-21,133.33395149,136.97189718,132.83898656,136.56768799,3161000,yfinance
2022-10-24,137.80506279,140.42834374,137.40909847,138.2175293,4471300,yfinance
2022-10-25,142.1195016,144.19833695,137.36789054,137.76385498,7698800,yfinance
2022-10-26,138.1762865,140.65933046,136.53466519,139.40544128,4819800,yfinance
2022-10-27,140.18088385,140.77483672,137.01314358,137.34312439,3325300,yfinance
2022-10-28,136.41092597,138.19278433,134.04337221,137.90405273,4771600,yfinance
2022-10-31,137.04614278,140.06538843,136.46043473,138.39903259,2908900,yfinance
2022-11-01,139.38071739,139.9746577,135.94899229,138.09381104,2454500,yfinance
2022-11-02,137.06262495,140.74183199,135.74273959,135.76748657,2824000,yfinance
2022-11-03,133.91140528,136.87291239,132.04706082,135.29728699,2671800,yfinance
2022-11-04,136.94713855,137.31836851,134.14237106,136.6831665,2400900,yfinance
2022-11-07,136.8481773,139.89218302,136.42746587,139.52096558,2624400,yfinance
2022-11-08,140.07363846,141.32754026,138.3000248,139.240448,2715600,yfinance
2022-11-09,138.74551424,139.48794907,135.19005423,135.29728699,2687100,yfinance
2022-11-10,139.4688601,143.50721725,139.4688601,143.48223877,3338900,yfinance
2022-11-11,143.80697039,149.03601077,143.64043025,148.36988831,3851400,yfinance
2022-11-14,148.30325824,151.11761866,147.97852532,148.0368042,3082500,yfinance
2022-11-15,148.60303289,151.17591811,148.26164338,151.10098267,3105000,yfinance
2022-11-16,150.17674828,150.25168373,146.46312385,147.42900085,2713500,yfinance
2022-11-17,145.71373711,146.62132248,142.89105436,146.59634399,2517400,yfinance
2022-11-18,148.63633883,149.23584782,147.17920141,149.0193634,3003000,yfinance
2022-11-21,148.33657856,150.49315151,148.12841607,150.38490295,2465600,yfinance
2022-11-22,151.10097834,152.28333967,150.26832844,152.15844727,2210300,yfinance
2022-11-23,152.67469601,153.14929988,152.13347862,152.24171448,1583500,yfinance
2022-11-25,152.91615126,153.11599182,151.71714606,151.9752655,912400,yfinance
2022-11-28,150.6846546,151.77542394,148.57805135,149.80204773,2043000,yfinance
2022-11-29,153.19930464,154.19848228,151.75048882,153.94868469,3671400,yfinance
2022-11-30,153.83204539,157.9786377,153.14926648,157.9786377,7146900,yfinance
2022-12-01,157.85376215,159.53571843,156.86290679,158.36167908,3934700,yfinance
2022-12-02,155.94700194,158.58651344,155.36414952,157.6955719,3661500,yfinance
2022-12-05,156.57982252,156.61312293,150.36824843,150.84286499,5004700,yfinance
2022-12-06,149.06101423,149.45236077,144.78119352,145.79702759,5598200,yfinance
2022-12-07,145.21413057,147.42066032,144.87275378,145.43894958,5124300,yfinance
2022-12-08,145.82201382,150.33497576,145.58887281,149.56893921,3109600,yfinance
2022-12-09,149.26083043,149.99356647,147.68712248,147.91194153,3487100,yfinance
2022-12-12,148.77787442,152.64138206,148.22833516,151.98358154,3214500,yfinance
2022-12-13,156.52985741,157.02943973,151.48398841,153.08268738,3863700,yfinance
2022-12-14,152.7163488,155.91372194,152.20843176,153.46572876,3188900,yfinance
2022-12-15,151.12599969,151.79212234,149.38576396,150.88453674,3478300,yfinance
2022-12-16,150.176762,151.45071555,147.89529631,148.37823486,8241400,yfinance
2022-12-19,148.22002119,149.84369885,147.01268124,148.56973267,3690200,yfinance
2022-12-20,147.65381555,147.85365611,144.43978627,144.57301331,3062200,yfinance
2022-12-21,146.83781606,147.35405493,145.11422465,147.11257935,2833000,yfinance
2022-12-22,145.54720479,146.26328421,143.81529147,146.22164917,2626400,yfinance
2022-12-23,146.47977424,147.53724321,145.01431494,147.38735962,1897600,yfinance
2022-12-27,147.45398205,148.06182568,146.22998556,147.320755,1294200,yfinance
2022-12-28,147.37901782,147.77036426,144.35649492,144.55633545,1455900,yfinance
2022-12-29,145.53887679,146.88777833,145.23080038,146.33822632,1369200,yfinance
2022-12-30,145.09755993,145.588833,143.12418383,144.74784851,1670900,yfinance
2023-01-03,145.10591227,146.40484417,144.58966065,145.94688416,2206500,yfinance
2023-01-04,146.92104443,148.10340554,145.88023226,147.47059631,1965100,yfinance
2023-01-05,145.61381148,146.47143982,144.32320166,144.74784851,2736800,yfinance
2023-01-06,146.23830967,149.49396121,145.12254912,149.00270081,3690100,yfinance
2023-01-09,149.22751813,152.90782921,149.02767758,151.28416443,3214600,yfinance
2023-01-10,150.96776965,151.17593215,147.59553461,148.85284424,2324200,yfinance
2023-01-11,149.4856579,151.92532908,149.03603248,151.73381042,2674700,yfinance
2023-01-12,152.76627924,152.95778516,150.44317889,152.33329773,1832200,yfinance
2023-01-13,151.69215377,152.58309527,150.51812706,151.66717529,2078100,yfinance
2023-01-17,151.22586538,151.85868741,148.93607823,149.04432678,2703300,yfinance
2023-01-18,148.87778714,150.33492429,146.92938965,147.14587402,3085100,yfinance
2023-01-19,146.67961454,147.56222143,144.59798972,146.67127991,2711600,yfinance
2023-01-20,147.16257845,148.36991852,145.8136767,148.31996155,2296400,yfinance
2023-01-23,148.6363508,151.30084104,147.55391594,150.27667236,2240100,yfinance
2023-01-24,147.82863498,151.02601976,147.77867803,149.86863708,1958400,yfinance
2023-01-25,148.21998641,148.22832104,145.63877965,147.76203918,1722000,yfinance
2023-01-26,148.73625324,149.69379552,146.588015,149.62718201,1627000,yfinance
2023-01-27,149.54391284,153.06601802,148.87779044,151.61720276,2831600,yfinance
2023-01-30,150.46818038,151.41740083,146.87112644,147.35406494,4593300,yfinance
2023-01-31,148.85283879,154.93950805,148.85283879,154.23175049,6872100,yfinance
2023-02-01,153.77380779,154.73136298,150.54313418,154.02360535,4005200,yfinance
2023-02-02,154.89786899,161.29262721,154.88954707,159.27760315,4995900,yfinance
2023-02-03,157.4207984,160.07695378,155.91370401,159.58569336,2766300,yfinance
2023-02-06,158.20348044,158.6864189,156.68805153,157.17098999,2243300,yfinance
2023-02-07,156.42993639,157.54569693,154.69802303,156.77964783,2037800,yfinance
2023-02-08,155.48072963,156.70472614,154.87289869,155.1726532,1970000,yfinance
2023-02-09,154.90618986,156.13852093,153.6738715,153.83207703,2135600,yfinance
2023-02-10,152.74962527,154.53149559,152.00856735,154.22341919,2533900,yfinance
2023-02-13,153.83208404,156.08857108,152.55813058,156.04693604,2481400,yfinance
2023-02-14,155.03940629,156.4049516,154.01525049,155.51402283,1876400,yfinance
2023-02-15,154.5564623,155.73882357,154.06520194,155.57229614,1750000,yfinance
2023-02-16,154.16514709,155.5223707,152.47486855,154.49821472,2633000,yfinance
2023-02-17,153.80941386,154.56539406,152.33104718,153.89341736,2510100,yfinance
2023-02-21,150.50829524,150.83590123,147.94635483,149.90351868,3994800,yfinance
2023-02-22,149.82789989,150.72668867,147.91273793,148.34953308,2376900,yfinance
2023-02-23,149.4667001,151.43225886,149.39110464,151.14666748,2341200,yfinance
2023-02-24,150.17230065,152.15466291,149.30711838,151.32307434,2674400,yfinance
2023-02-27,152.77623435,154.12860858,152.0622431,153.07022095,2925400,yfinance
2023-02-28,152.20501876,154.39737637,152.14622658,153.28860474,3703000,yfinance
2023-03-01,152.8182213,155.18698138,152.49903623,153.78421021,2307500,yfinance
2023-03-02,153.56583165,155.49778398,152.6922414,155.12818909,2334500,yfinance
2023-03-03,156.44698234,156.81657726,155.07780465,155.96818542,2499600,yfinance
2023-03-06,155.7749788,157.63974369,155.69938334,156.6653595,2419500,yfinance
2023-03-07,155.55656889,156.22855836,153.46500506,153.94380188,2822300,yfinance
2023-03-08,153.86821523,155.04420016,153.11223499,154.80900574,2277900,yfinance
2023-03-09,155.92616593,157.6061332,153.29701306,153.61621094,2497400,yfinance
2023-03-10,153.45663538,154.82581301,150.80228362,152.49064636,3442600,yfinance
2023-03-13,150.41588228,154.43939843,149.69349581,153.07022095,4435900,yfinance
2023-03-14,155.52298316,157.77414623,153.09543068,155.4473877,4892100,yfinance
2023-03-15,152.38983621,155.35497755,152.01184612,154.85939026,4306700,yfinance
2023-03-16,154.17902177,158.56373803,154.17902177,157.8497467,4710200,yfinance
2023-03-17,159.55491019,161.22648246,155.78339137,156.90055847,20535900,yfinance
2023-03-20,156.45536199,156.92576364,152.51584914,154.12861633,3974300,yfinance
2023-03-21,155.07779528,156.94256022,154.38901527,156.90055847,2965600,yfinance
2023-03-22,156.65697601,159.27772132,155.6658013,155.85058594,2758400,yfinance
2023-03-23,155.21219214,158.41252809,154.09501224,155.64057922,2901700,yfinance
2023-03-24,155.47259827,156.58138304,154.32182457,156.29579163,2586700,yfinance
2023-03-27,157.40454109,157.88333794,155.84217094,157.3457489,2283400,yfinance
2023-03-28,157.4297621,158.89133853,156.5309861,157.69015503,1850100,yfinance
2023-03-29,159.19371464,160.85687878,158.63932232,160.8316803,2546100,yfinance
2023-03-30,161.18445589,161.44484876,158.91650268,160.51246643,2075300,yfinance
2023-03-31,161.21807848,163.05764498,160.37809471,162.94845581,2571200,yfinance
2023-04-03,161.97406416,162.74684766,160.70569335,162.72164917,2735200,yfinance
2023-04-04,163.51963059,163.69603281,159.53810311,160.10929871,2498700,yfinance
2023-04-05,159.46249036,161.18445938,159.05090658,159.09289551,2718300,yfinance
2023-04-06,158.1941331,159.22730947,156.68215987,158.40412903,2206100,yfinance
2023-04-10,157.42972672,160.05887952,156.89213772,159.8152771,2157900,yfinance
2023-04-11,160.01689579,162.20085855,159.25250754,161.65486145,2844400,yfinance
2023-04-12,161.69685304,162.99042223,158.77371352,159.47090149,3729000,yfinance
2023-04-13,160.36967416,160.9408697,158.37050901,160.43687439,2355600,yfinance
2023-04-14,160.43687931,162.13364989,159.80689156,162.00764465,2034900,yfinance
2023-04-17,162.30165092,163.27603509,161.76406187,162.36044312,1920500,yfinance
2023-04-18,162.60403167,163.51961074,162.0160457,163.05761719,2461400,yfinance
2023-04-19,163.1920311,164.82160152,163.04923541,164.66200256,2652200,yfinance
2023-04-20,164.527599,166.14877416,163.05762756,163.78001404,3336300,yfinance
2023-04-21,163.68761663,165.05679414,162.6292418,163.97322083,3371700,yfinance
2023-04-24,164.09920662,165.73717218,163.57001282,164.51080322,3689100,yfinance
2023-04-25,153.43980322,153.71699935,148.02191155,148.08070374,12474900,yfinance
2023-04-26,147.19034056,148.72751227,144.58639877,144.95599365,5845600,yfinance
2023-04-27,145.11557242,149.65149188,144.6367884,149.31549072,4679000,yfinance
2023-04-28,148.54272283,151.60026316,148.26552666,151.03747559,3440800,yfinance
2023-05-01,151.15506535,153.45662532,150.91987094,153.04502869,2807800,yfinance
2023-05-02,151.7850597,151.84386472,149.24830521,149.38270569,3527800,yfinance
2023-05-03,149.09710718,149.51709903,147.41713978,147.69433594,3825200,yfinance
2023-05-04,146.61916347,146.94675661,145.1995889,145.56077576,3495100,yfinance
2023-05-05,147.14832704,148.08070938,145.98915833,147.61872864,2775300,yfinance
2023-05-08,147.76153528,148.13952538,145.82117499,146.48475647,2589100,yfinance
2023-05-09,145.20797958,145.98917109,144.60319028,145.32557678,2180600,yfinance
2023-05-10,145.93036766,146.14036359,142.67123955,144.11601257,3233300,yfinance
2023-05-11,144.08239882,144.26719626,142.10843206,142.99041748,3136500,yfinance
2023-05-12,143.41446942,144.05051018,141.52331188,142.89715576,3346600,yfinance
2023-05-15,142.09995732,143.25331153,140.99748429,143.19395447,3048400,yfinance
2023-05-16,142.04058802,142.32892332,140.90418568,141.29429626,3458900,yfinance
2023-05-17,142.21019845,145.67026084,141.37910903,145.32255554,3882200,yfinance
2023-05-18,145.56003096,147.06956649,143.96568483,145.05119324,2747200,yfinance
2023-05-19,145.12750692,145.40736633,143.63492337,144.95788574,2350100,yfinance
2023-05-22,145.5346092,145.7381469,143.59257041,145.44979858,2675400,yfinance
2023-05-23,144.66961134,146.08586077,143.53322143,143.99116516,2660500,yfinance
2023-05-24,143.19396216,143.88088402,142.00667847,142.23565674,2410500,yfinance
2023-05-25,142.96497243,145.93316201,142.61726712,145.21231079,2976900,yfinance
2023-05-26,145.63633496,146.63704558,145.16990259,145.50065613,2291800,yfinance
2023-05-30,145.60241896,145.72962191,143.25330534,143.96566772,2542200,yfinance
2023-05-31,143.37206618,143.50775798,141.03144084,141.62507629,5106100,yfinance
2023-06-01,142.05753494,143.2532943,140.95507498,142.32891846,2524800,yfinance
2023-06-02,143.11762961,144.96639459,142.41374303,144.28794861,2752200,yfinance
2023-06-05,144.12682298,144.12682298,142.15085495,142.34591675,2314100,yfinance
2023-06-06,141.20949666,143.03282091,140.92963723,142.12539673,2521900,yfinance
2023-06-07,141.92187958,145.5854671,141.54024483,145.44129944,3435600,yfinance
2023-06-08,145.42433167,145.54305874,143.85543915,145.42433167,3676000,yfinance
2023-06-09,145.01728085,145.33954562,143.79608063,144.58477783,2838500,yfinance
2023-06-12,144.88158054,145.712683,144.19465869,145.44129944,2795100,yfinance
2023-06-13,145.28017463,147.03565318,145.11056637,146.62010193,3528000,yfinance
2023-06-14,147.27311198,149.85119135,146.78971482,148.30773926,4476000,yfinance
2023-06-15,148.79962062,152.05614619,148.7656912,151.80172729,4162900,yfinance
2023-06-16,152.64130107,152.87875525,149.3423703,151.44554138,8469300,yfinance
2023-06-20,149.64764241,151.53031074,149.64764241,150.33456421,3088200,yfinance
2023-06-21,147.67167723,149.75788325,146.60312069,147.24765015,4935300,yfinance
2023-06-22,146.00101984,147.13740941,144.98335735,145.33953857,4192700,yfinance
2023-06-23,143.83001586,145.15297851,143.07524804,143.56710815,11278600,yfinance
2023-06-26,143.50772784,146.74728805,143.50772784,146.50135803,3763100,yfinance
2023-06-27,147.04413024,148.82504939,146.26392185,148.12963867,2711600,yfinance
2023-06-28,147.66321214,149.32540428,147.2731144,148.96922302,2746400,yfinance
2023-06-29,148.76567894,149.41868436,148.23140061,149.29995728,2301600,yfinance
2023-06-30,149.75789034,152.35293416,148.88439554,152.01371765,4892900,yfinance
2023-07-03,151.17416651,156.17769503,151.10632061,155.84695435,3330000,yfinance
2023-07-05,152.11550608,154.09147429,151.623633,152.62434387,4820200,yfinance
2023-07-06,151.5133646,152.14091641,150.6059404,152.03915405,3011100,yfinance
2023-07-07,151.04692857,154.10840463,150.98755856,152.44621277,3145300,yfinance
2023-07-10,152.37838216,154.71053136,152.37838216,153.77767944,2372700,yfinance
2023-07-11,154.28649658,157.31405633,153.80311241,157.09356689,2896600,yfinance
2023-07-12,158.64551376,159.15433854,157.28862179,158.15364075,2586000,yfinance
2023-07-13,158.2808361,159.28154679,157.16988717,157.19532776,2857200,yfinance
2023-07-14,156.70347223,157.45824004,155.9571803,157.11053467,2213500,yfinance
2023-07-17,156.44904052,156.46600523,154.70205088,154.97343445,2556000,yfinance
2023-07-18,155.04126535,156.80520659,155.04126535,156.52536011,2387500,yfinance
2023-07-19,156.55086064,158.13671836,156.55086064,157.75509644,3018900,yfinance
2023-07-20,158.27235308,159.61228022,157.39885833,158.5352478,2703600,yfinance
2023-07-21,158.50983551,160.68932837,158.36566782,158.84057617,5071500,yfinance
2023-07-24,157.61936327,160.57907725,157.50063619,159.72253418,2460200,yfinance
2023-07-25,159.27304574,163.65748409,154.46458033,156.62712097,10006600,yfinance
2023-07-26,155.40597542,157.0003219,154.10845317,156.37275696,4189100,yfinance
2023-07-27,156.99177833,158.78117308,156.08436713,158.17906189,3251400,yfinance
2023-07-28,159.76492369,160.83346728,159.17128836,159.34089661,2299000,yfinance
2023-07-31,159.27305124,159.70556715,157.90768351,158.69638062,2323100,yfinance
2023-08-01,158.46739527,158.58612233,155.84691112,157.31404114,2823500,yfinance
2023-08-02,155.99956266,157.19532215,155.058222,155.49073792,2008500,yfinance
2023-08-03,154.63419161,156.51687287,153.71829157,153.92182922,3692800,yfinance
2023-08-04,154.45611651,154.85470302,153.04834342,153.44692993,4437100,yfinance
2023-08-07,154.34588053,155.39747251,153.27733678,154.4730835,4411700,yfinance
2023-08-08,155.24480716,156.32183967,149.27451101,153.11619568,6433400,yfinance
2023-08-09,151.90349544,153.81161778,151.42858706,152.11550903,3249400,yfinance
2023-08-10,152.71761178,154.55788796,152.59039587,152.97203064,3964800,yfinance
2023-08-11,152.55267926,153.20303655,150.52456783,151.14070129,3558500,yfinance
2023-08-14,150.71285863,150.98670158,149.3779069,150.19085693,2980700,yfinance
2023-08-15,149.28375877,149.37789064,147.83755687,148.26542664,2269300,yfinance
2023-08-16,147.27281536,148.53930653,145.9720873,146.10900879,2500300,yfinance
2023-08-17,146.63956325,146.80215589,145.51854628,146.10900879,2986500,yfinance
2023-08-18,145.31316585,147.3241595,145.31316585,146.53688049,2868300,yfinance
2023-08-21,146.25446688,146.9561666,142.96842975,144.18357849,3512000,yfinance
2023-08-22,144.62000924,145.78381576,142.3950808,142.78872681,2701000,yfinance
2023-08-23,143.51615034,144.89389216,143.19951769,144.5173645,2375200,yfinance
2023-08-24,143.78993437,144.46597601,142.88285241,142.90852356,2207400,yfinance
2023-08-25,143.27647616,144.9195077,142.78015868,144.50874329,2506900,yfinance
2023-08-28,145.21906063,146.04057669,143.73008153,144.48312378,1967800,yfinance
2023-08-29,144.9109763,147.12733928,144.6200279,146.97331238,3261200,yfinance
2023-08-30,147.23002242,147.82903762,146.3229404,147.19578552,2713300,yfinance
2023-08-31,147.21289505,147.77768637,144.8767294,144.96229553,3549800,yfinance
2023-09-01,145.92075012,146.05765856,143.19949084,143.76428223,3286600,yfinance
2023-09-05,143.3363879,143.78137616,140.00756126,140.31562805,4897500,yfinance
2023-09-06,140.2386133,140.55523278,138.15915923,138.89509583,3883500,yfinance
2023-09-07,138.6212854,139.18606371,137.36334694,138.83522034,3013200,yfinance
2023-09-08,138.98921331,138.98921331,137.43177415,137.80828857,3561500,yfinance
2023-09-11,138.2875431,138.86943984,137.2093027,137.67996216,3638000,yfinance
2023-09-12,134.66775086,135.20687104,132.72523117,133.98316956,6232500,yfinance
2023-09-13,133.97463083,135.24968792,133.37561553,135.06997681,4071900,yfinance
2023-09-14,136.71297645,137.67141384,136.08829009,137.54304504,2796400,yfinance
2023-09-15,137.5430309,138.17628295,136.61883051,137.33766174,4382300,yfinance
2023-09-18,136.84134299,137.04671216,135.27533772,135.58340454,2729200,yfinance
2023-09-19,135.46359541,135.78876761,133.93181405,135.21542358,2348900,yfinance
2023-09-20,135.72031956,136.42201931,134.65064495,134.89880371,2300300,yfinance
2023-09-21,134.35111631,135.01859215,132.83645357,133.00759888,3801200,yfinance
2023-09-22,132.99903917,133.35844821,131.3645735,131.59562683,3206200,yfinance
2023-09-25,130.86828446,132.97341017,130.77416562,132.04920959,2900500,yfinance
2023-09-26,130.92815039,131.79244263,129.90126555,129.98683167,3461800,yfinance
2023-09-27,130.48318906,130.75703204,128.82305191,130.42329407,3419500,yfinance
2023-09-28,130.61156642,133.1188777,130.44040802,133.0675354,5571600,yfinance
2023-09-29,133.92327551,134.6335411,132.69100814,133.38415527,5034600,yfinance
2023-10-02,132.76800961,132.99906299,131.47584736,132.70811462,3243600,yfinance
2023-10-03,132.00641466,133.80347343,130.94530568,131.56999207,3687600,yfinance
2023-10-04,132.12617762,132.96481175,130.45748815,131.54428101,2600400,yfinance
2023-10-05,130.96239552,131.76679291,130.58588102,131.25335693,2922100,yfinance
2023-10-06,130.82546095,132.76798025,130.32913047,132.01493835,2383500,yfinance
2023-10-09,131.31323665,132.46849031,130.5345105,132.07484436,1765800,yfinance
2023-10-10,132.22032923,133.88046625,132.02351277,133.11030579,2083400,yfinance
2023-10-11,133.30711366,133.70075962,131.33035727,132.8963623,2209800,yfinance
2023-10-12,133.06752834,133.11031794,131.40739117,132.96484375,2340300,yfinance
2023-10-13,133.59807817,134.6677528,132.28024477,132.70811462,2759600,yfinance
2023-10-16,134.12863171,135.62617604,133.59806427,134.05160522,3349700,yfinance
2023-10-17,132.80221372,134.91589131,132.65673958,134.50512695,2937000,yfinance
2023-10-18,133.06753462,133.31569341,131.47585812,131.62989807,2974700,yfinance
2023-10-19,132.18611515,132.75945919,129.88417322,130.1237793,3035100,yfinance
2023-10-20,130.36336491,131.21910449,130.0210743,130.03819275,5022500,yfinance
2023-10-23,129.43062465,129.71302031,126.55533885,126.78639221,4552700,yfinance
2023-10-24,127.28272976,128.54066819,126.94042604,127.77906036,2802300,yfinance
2023-10-25,127.28270231,127.41961071,124.946524,125.7338028,3565800,yfinance
2023-10-26,121.94289925,125.18614675,118.03216281,118.27178192,10581400,yfinance
2023-10-27,118.46002636,119.62383274,114.39526327,115.37937164,6594600,yfinance
2023-10-30,116.30357582,119.14462459,114.9343872,118.75954437,5665500,yfinance
2023-10-31,118.62263044,120.93313803,118.28033979,120.87322998,3996900,yfinance
2023-11-01,120.98449382,121.63485134,118.13487879,119.6324234,3566800,yfinance
2023-11-02,121.42947374,122.69597806,121.27544684,121.50650024,3904600,yfinance
2023-11-03,122.56759608,123.9196664,122.20818697,122.25097656,3272000,yfinance
2023-11-06,122.55903619,122.79008956,120.90745185,121.74608612,2931300,yfinance
2023-11-07,121.07004043,121.60060788,120.31699843,121.38667297,2952600,yfinance
2023-11-08,121.62628419,122.73018263,121.05294018,121.47224426,2896600,yfinance
2023-11-09,122.3194392,122.3194392,119.69231196,119.76077271,3411100,yfinance
2023-11-10,120.08976698,120.18500126,118.19374745,119.57030487,5683900,yfinance
2023-11-13,119.18937271,119.95124698,118.617967,119.62225342,3211500,yfinance
2023-11-14,121.24124243,124.47054254,121.12870241,123.95108032,4258800,yfinance
2023-11-15,124.66963119,128.04609509,124.62634049,127.41409302,4766700,yfinance
2023-11-16,127.50068525,128.30583702,126.08948994,127.18901062,3729300,yfinance
2023-11-17,127.85564064,128.17598134,126.57431743,128.1153717,3320200,yfinance
2023-11-20,128.00280248,130.10659591,127.15434696,129.49191284,4733300,yfinance
2023-11-21,129.4313408,129.95945583,128.56557932,129.6651001,3080700,yfinance
2023-11-22,130.69535026,130.9377624,129.81226991,130.51353455,2640200,yfinance
2023-11-24,130.87711843,131.63032644,130.51350031,131.62167358,1644400,yfinance
2023-11-27,130.76458283,131.11089528,129.49192585,129.50923157,3320000,yfinance
2023-11-28,129.60446837,130.79922324,128.98111916,130.50486755,3073900,yfinance
2023-11-29,131.18015979,132.85973888,131.11955016,131.8467865,2981600,yfinance
2023-11-30,132.33162067,132.52208922,130.52216951,131.2580719,4664400,yfinance
2023-12-01,131.58707543,134.16704061,130.74728584,134.11509705,3945300,yfinance
2023-12-04,133.08484476,135.25790113,132.71256048,134.98951721,2717800,yfinance
2023-12-05,134.19301091,134.65186337,132.94631244,133.46577454,2485300,yfinance
2023-12-06,134.21031525,135.11070115,133.72549105,134.44406128,2995800,yfinance
2023-12-07,134.94620436,136.45263372,134.62587692,135.49163818,3241200,yfinance
2023-12-08,135.11939054,136.51325373,135.02415625,135.31851196,2845900,yfinance
2023-12-11,134.75576344,135.37911273,134.05449878,134.86831665,3742100,yfinance
2023-12-12,135.01549466,136.01978111,134.12376143,134.51335144,3039900,yfinance
2023-12-13,134.05447285,136.26216674,133.34455547,136.14096069,4058100,yfinance
2023-12-14,137.6214343,141.52601336,137.46559039,140.5650177,6401900,yfinance
2023-12-15,139.70790229,141.82036206,138.57375706,141.06715393,8738200,yfinance
2023-12-18,141.44808356,141.82902064,139.72521384,139.88105774,3883800,yfinance
2023-12-19,140.26199333,140.4264901,138.66034273,139.92434692,3926500,yfinance
2023-12-20,135.81200978,138.98935307,135.49168223,135.88993835,5624500,yfinance
2023-12-21,136.44401701,136.72105381,134.40081935,136.06307983,3778600,yfinance
2023-12-22,136.79031926,138.1668769,136.63448853,137.00675964,2332500,yfinance
2023-12-26,135.96782647,137.25780247,135.96782647,136.81626892,2384000,yfinance
2023-12-27,136.80760066,137.17121881,135.29251843,135.78599548,3116400,yfinance
2023-12-28,134.97220531,136.58252214,134.97220531,136.19293213,2254900,yfinance
2023-12-29,135.9937983,136.95479396,135.17132764,136.12365723,2186500,yfinance
2024-01-02,135.87257997,138.972007,135.31849327,137.0846405,4363800,yfinance
2024-01-03,136.15828277,137.90711108,135.21459292,136.39202881,3257200,yfinance
2024-01-04,135.96783713,137.06735786,135.41375033,135.91589355,3173400,yfinance
2024-01-05,135.42241169,138.05433403,135.27523382,137.41366577,2537300,yfinance
2024-01-08,137.28377534,138.5131548,136.34008549,138.45254517,2469500,yfinance
2024-01-09,137.67338026,138.74691593,137.050031,138.46987915,2639500,yfinance
2024-01-10,138.64304,139.80315719,137.96774712,139.57806396,2399200,yfinance
2024-01-11,139.7685016,139.79447338,137.55215486,137.8724823,3341800,yfinance
2024-01-12,138.72094561,139.38758559,137.04136638,137.0586853,3474500,yfinance
2024-01-16,136.93750416,136.93750416,134.3142477,134.47874451,5331400,yfinance
2024-01-17,132.95497747,134.03717916,131.61304473,133.81207275,3930000,yfinance
2024-01-18,134.41810328,135.8552703,133.17141803,135.5176239,3095800,yfinance
2024-01-19,135.88990956,136.6257988,134.2103304,135.82929993,3097600,yfinance
2024-01-22,136.59982278,137.89846479,136.19291389,137.30975342,2631600,yfinance
2024-01-23,137.68202784,138.92007346,137.33572858,138.57376099,3443000,yfinance
2024-01-24,139.20577662,139.23176162,135.51763763,135.56092834,3187600,yfinance
2024-01-25,137.26646561,138.80751977,136.92881921,138.27075195,4070000,yfinance
2024-01-26,138.58242669,139.69060017,137.00673468,137.91578674,2818200,yfinance
2024-01-29,137.1452483,137.43960397,135.49164108,136.80760193,5459700,yfinance
2024-01-30,127.09377856,129.43133174,125.1631343,125.58734894,16983600,yfinance
2024-01-31,125.3709085,126.04620135,122.85153961,122.85153961,10906800,yfinance
2024-02-01,122.93812546,123.54415583,120.86030327,123.29309082,6774900,yfinance
2024-02-02,122.83422221,123.27575573,120.81699672,122.80825043,4343000,yfinance
2024-02-05,122.29745645,122.29745645,120.25425892,120.41010284,4536700,yfinance
2024-02-06,122.68703865,126.7734198,122.37536405,126.33188629,7566800,yfinance
2024-02-07,126.4704222,127.95086674,125.61331369,127.47470856,3985200,yfinance
2024-02-08,127.09375191,128.20192524,126.27128138,128.06340027,3316400,yfinance
2024-02-09,127.87294198,127.98549518,126.32323506,126.62624359,2825900,yfinance
2024-02-12,126.83405391,128.08940539,126.70419498,127.65652466,3253700,yfinance
2024-02-13,126.40981002,127.00718746,124.06360416,125.44881439,3706000,yfinance
2024-02-14,125.7085422,126.30591963,124.2107788,124.86009979,3831400,yfinance
2024-02-15,125.76915872,127.69115003,124.81681592,127.24960327,3855400,yfinance
2024-02-16,127.52101488,130.43633276,126.89067515,129.92855835,5442400,yfinance
2024-02-20,129.46454549,131.11918373,128.72039043,130.12989807,4254900,yfinance
2024-02-21,130.26995206,130.82148913,128.72036626,129.80595398,3017100,yfinance
2024-02-22,129.39453123,131.21551132,128.86049374,131.08418274,3027500,yfinance
2024-02-23,131.27676863,131.67949085,130.05111556,130.12115479,2414200,yfinance
2024-02-26,129.6396255,129.79720372,128.30890709,129.1318512,3052900,yfinance
2024-02-27,129.13183827,130.2874652,129.01802288,129.80595398,2382200,yfinance
2024-02-28,129.07058555,129.8935298,128.7466658,129.36825562,2258700,yfinance
2024-02-29,130.30496971,130.92655937,129.35071048,129.79719543,3338600,yfinance
2024-03-01,129.57837041,130.09490811,128.55407164,129.62214661,2936200,yfinance
2024-03-04,130.51510013,133.28158919,130.138641,131.85456848,4562200,yfinance
2024-03-05,131.3905688,132.68626096,130.44505939,131.02287292,3614400,yfinance
2024-03-06,132.19601217,133.99072891,131.64446162,133.55299377,3471200,yfinance
2024-03-07,134.14830135,135.58407202,133.48294878,134.30589294,3514800,yfinance
2024-03-08,134.7611229,135.8729738,133.83312661,134.78739929,3448900,yfinance
2024-03-11,134.72611423,135.89924114,134.4196943,135.47901917,3266000,yfinance
2024-03-12,135.51404635,138.02665528,135.13760052,137.78152466,3879500,yfinance
2024-03-13,138.10543869,139.12098744,135.30393643,135.48777771,4244800,yfinance
2024-03-14,135.26017272,135.45277727,133.64054718,134.72613525,4101600,yfinance
2024-03-15,134.3234001,135.44401436,133.88566496,134.27087402,8821700,yfinance
2024-03-18,134.89248363,135.12010113,132.62501845,132.80010986,5181600,yfinance
2024-03-19,132.1172188,134.51599874,131.50439229,134.12203979,4210000,yfinance
2024-03-20,133.50921966,135.54031715,133.0802344,135.48777771,2862300,yfinance
2024-03-21,135.8379794,136.6434105,135.08507439,135.97805786,4036400,yfinance
2024-03-22,138.88462933,139.15602303,136.59965096,136.80976868,3939400,yfinance
2024-03-25,136.0918519,137.71147726,135.71540609,137.0723877,3807700,yfinance
2024-03-26,137.75525354,138.31555399,125.21851275,125.88386536,18208800,yfinance
2024-03-27,126.40914758,129.21064968,126.09397776,128.98303223,7078800,yfinance
2024-03-28,128.93051464,130.48885071,128.37896408,130.12115479,5197000,yfinance
2024-04-01,130.56762642,131.29426829,128.09880737,129.23690796,5421900,yfinance
2024-04-02,129.27194334,132.19601084,129.07057556,130.5763855,4935000,yfinance
2024-04-03,132.01217082,133.38666571,130.62017615,133.30787659,4314200,yfinance
2024-04-04,134.20956477,135.0762716,130.90903886,131.32051086,3689100,yfinance
2024-04-05,131.0491509,132.81760464,129.7271822,132.51118469,3374000,yfinance
2024-04-08,132.96644112,133.27284773,131.32930248,131.41685486,3196400,yfinance
2024-04-09,130.90906826,132.34483897,130.66393765,131.81956482,2664300,yfinance
2024-04-10,129.77094484,130.00732553,127.90620238,128.92173767,4024400,yfinance
2024-04-11,129.07934546,130.63768155,128.78168875,130.4538269,2232500,yfinance
2024-04-12,129.61340233,129.83226994,126.37416435,126.86442566,4123900,yfinance
2024-04-15,127.70485213,128.29141565,125.5687024,126.81188202,3271000,yfinance
2024-04-16,126.54046788,126.68930958,124.93836903,125.09594727,4197100,yfinance
2024-04-17,124.7545121,125.55994313,123.74772664,124.53564453,4165700,yfinance
2024-04-18,125.26230211,125.46365655,124.21174033,124.96464539,3430600,yfinance
2024-04-19,125.32355246,126.17275962,124.79827836,124.99088287,5118500,yfinance
2024-04-22,125.37609852,127.87994393,124.80703485,127.25835419,4578500,yfinance
2024-04-23,127.81867265,131.09293661,127.16206988,130.33126831,6371100,yfinance
2024-04-24,129.50831414,129.53459054,125.87511777,128.3614502,5284700,yfinance
2024-04-25,129.52582947,129.94605148,127.18832535,129.03556824,3553300,yfinance
2024-04-26,128.55404491,130.19993321,128.55404491,129.21064758,2607600,yfinance
2024-04-29,129.79720784,132.09094887,129.41201218,130.05110168,2654700,yfinance
2024-04-30,129.16687544,129.76220216,128.3964707,129.11434937,2402900,yfinance
2024-05-01,128.94800136,129.69215639,127.26710016,127.74861145,2842200,yfinance
2024-05-02,129.11433618,129.40324294,128.32641838,128.88671875,2038800,yfinance
2024-05-03,129.52581736,129.74468492,128.18634898,128.19509888,2039300,yfinance
2024-05-06,129.19315895,129.40326327,127.96749251,128.40522766,2073600,yfinance
2024-05-07,129.01804931,129.35073228,128.14257904,128.7729187,3403500,yfinance
2024-05-08,127.92372154,129.50832072,127.74863015,129.36825562,2799600,yfinance
2024-05-09,129.63965976,129.91105344,128.88675467,129.62214661,2510600,yfinance
2024-05-10,130.13554546,131.00306651,129.69293765,130.45422363,2504500,yfinance
2024-05-13,130.87913363,133.47280889,130.87913363,133.31347656,4185600,yfinance
2024-05-14,134.03048494,135.80976327,130.90567524,130.95878601,3597300,yfinance
2024-05-15,131.41910186,131.8971123,130.82599558,130.95878601,2695900,yfinance
2024-05-16,131.45451569,132.80889447,130.46307855,132.48136902,2298700,yfinance
2024-05-17,132.4105587,132.52564106,131.17124869,132.10958862,1956700,yfinance
2024-05-20,131.29518869,132.40170823,130.38340417,130.64897156,1812700,yfinance
2024-05-21,130.51619725,130.76405655,128.46249047,128.72805786,2750200,yfinance
2024-05-22,127.84283315,128.26773285,126.39108013,127.26744843,3590500,yfinance
2024-05-23,126.59470551,126.74519058,123.07155044,123.13352203,4437200,yfinance
2024-05-24,124.1868956,124.36394953,122.09778616,122.7440033,2995400,yfinance
2024-05-28,122.15976045,123.23972463,120.60178576,121.7879715,3314700,yfinance
2024-05-29,120.67260722,121.20372852,118.88446778,118.98184204,3996900,yfinance
2024-05-30,118.87560122,121.26569423,118.24710569,121.15061188,4077000,yfinance
2024-05-31,121.76139821,123.10692959,120.49553299,122.98298645,5887400,yfinance
2024-06-03,123.61151171,123.74428865,121.58437383,122.53154755,2728300,yfinance
2024-06-04,122.08009637,122.43417724,119.94672337,120.06180573,3874800,yfinance
2024-06-05,120.52210331,121.88534295,119.68115116,121.7791214,3109000,yfinance
2024-06-06,121.28337716,121.91188614,120.25653739,121.77024841,2852500,yfinance
2024-06-07,121.18600769,123.56723976,120.72570531,121.84107208,3209300,yfinance
2024-06-10,121.07093657,122.21285871,120.75225843,121.87647247,3633000,yfinance
2024-06-11,121.06207079,122.14203481,120.78765614,121.58435822,2659800,yfinance
2024-06-12,122.58466093,122.66434061,120.57523111,120.76996613,3484600,yfinance
2024-06-13,120.67260368,120.67260368,118.45070376,119.40673828,4944200,yfinance
2024-06-14,118.70741729,120.12375414,117.64514776,120.07949066,3800200,yfinance
2024-06-17,119.95556245,120.64602954,119.22083187,120.25654602,4117600,yfinance
2024-06-18,120.65491034,121.48701531,118.54809251,118.79595184,4104100,yfinance
2024-06-20,118.63659053,121.70828954,118.29135701,121.15944672,4165700,yfinance
2024-06-21,120.93815815,122.68203407,120.64603536,120.92046356,9144100,yfinance
2024-06-24,121.98270468,123.61149804,121.39845918,122.69087982,3695900,yfinance
2024-06-25,122.19515559,122.19515559,118.66315399,118.93756866,4818700,yfinance
2024-06-26,120.81422539,123.00070908,119.59263701,122.29253387,6104300,yfinance
2024-06-27,122.15093041,122.15093041,119.67232352,120.23886108,3732500,yfinance
2024-06-28,120.54864784,121.45157149,120.12374816,121.14175415,6609600,yfinance
2024-07-01,120.9558632,122.24828397,119.9998287,120.34506226,2668200,yfinance
2024-07-02,120.04407902,120.35390986,118.67199224,119.42443085,3280400,yfinance
2024-07-03,120.15917519,120.82308691,119.67230389,119.99098206,1539900,yfinance
2024-07-05,119.3890213,120.79652434,119.00838508,120.69915009,3237500,yfinance
2024-07-08,120.69915754,121.55781779,119.86705268,119.97327423,2773700,yfinance
2024-07-09,119.73427552,120.27425766,118.55693697,118.86676788,3116800,yfinance
2024-07-10,118.91986039,120.17686492,118.4506972,120.07949066,2834800,yfinance
2024-07-11,120.29196061,123.08924545,120.18573905,122.3722229,3449600,yfinance
2024-07-12,123.04498191,126.92223099,122.77056721,126.0104599,4801300,yfinance
2024-07-15,126.59466801,128.57755566,126.36451683,127.60381317,4164000,yfinance
2024-07-16,127.4976089,130.63127986,127.4976089,130.41882324,3805100,yfinance
2024-07-17,130.11787064,130.82603245,129.59558307,130.46310425,2863600,yfinance
2024-07-18,129.25920985,131.14471025,127.86941462,128.14382935,3412900,yfinance
2024-07-19,129.12639541,129.13525621,126.79828756,128.51559448,3073800,yfinance
2024-07-22,129.02017386,129.39196279,127.19663188,128.51559448,3629800,yfinance
2024-07-23,115.20195974,117.07861253,110.63425068,113.02433014,25353900,yfinance
2024-07-24,111.98863131,114.41412025,110.4749134,113.77676392,11642500,yfinance
2024-07-25,114.43183433,114.67969364,112.01519256,112.49320984,7761900,yfinance
2024-07-26,114.05119043,114.95411425,113.71481764,114.04234314,7271300,yfinance
2024-07-29,114.31675081,114.40527778,112.99778135,113.84758759,5414300,yfinance
2024-07-30,113.92725282,115.83932189,113.71480971,114.21937561,4747700,yfinance
2024-07-31,114.41412612,116.0960305,112.8207352,115.40556335,7025800,yfinance
2024-08-01,115.99865282,117.28222631,114.73280092,115.59146118,4790600,yfinance
2024-08-02,114.97180906,115.64456806,112.59942417,113.36071014,5099000,yfinance
2024-08-05,112.27189218,113.26332929,111.36012122,111.55486298,5243000,yfinance
2024-08-06,111.59028487,113.12171094,110.13853171,110.20935059,5608300,yfinance
2024-08-07,110.87326142,112.51976308,109.1028301,109.16479492,4741900,yfinance
2024-08-08,109.05855975,111.83813621,108.98774763,111.72306061,3823200,yfinance
2024-08-09,111.83813966,111.83813966,110.36868523,111.37783051,3825000,yfinance
2024-08-12,111.54602978,111.64340404,110.27131704,110.5280304,2549500,yfinance
2024-08-13,110.92636209,112.38696915,110.51916374,111.97091675,3057600,yfinance
2024-08-14,111.85585528,112.24535235,111.29817183,111.90896606,3155700,yfinance
2024-08-15,113.20137214,114.54689692,113.20137214,113.79447174,4448300,yfinance
2024-08-16,113.75905087,115.13113774,113.63512123,114.76819611,3255900,yfinance
2024-08-19,114.53511445,116.43566825,114.42753361,115.60192871,3157800,yfinance
2024-08-20,115.49436514,115.82606079,114.38271688,115.5391922,2342300,yfinance
2024-08-21,116.22947387,116.3460215,114.3827138,114.66062927,4895900,yfinance
2024-08-22,114.91163101,114.91163101,113.0828046,113.71034241,5083000,yfinance
2024-08-23,114.32892479,115.87984263,113.80000102,114.72338104,6310300,yfinance
2024-08-26,115.53020786,116.16671927,115.09989818,115.87983704,4501400,yfinance
2024-08-27,116.23844749,116.30119443,114.07791166,114.66062927,3214000,yfinance
2024-08-28,114.4006545,115.43160861,113.54002819,114.02413177,3361100,yfinance
2024-08-29,114.7682157,115.01025723,113.63864069,113.83586884,3477600,yfinance
2024-08-30,114.31100035,115.37781468,113.75517623,115.24334717,4116100,yfinance
2024-09-03,114.38272824,115.03717335,113.90759142,114.30204773,5821200,yfinance
2024-09-04,114.47236056,116.12189239,113.97032348,115.5750351,5710400,yfinance
2024-09-05,115.90673927,115.91571289,113.57588246,114.21238708,5311100,yfinance
2024-09-06,114.45443905,114.87578883,113.59381276,114.33789825,3590200,yfinance
2024-09-09,114.57098507,116.29223763,114.40065044,115.5391922,3770800,yfinance
2024-09-10,116.03224344,116.67771482,115.22541104,116.39084625,2590100,yfinance
2024-09-11,115.88881529,115.88881529,113.2621027,115.19851685,3404400,yfinance
2024-09-12,115.53919037,115.69159144,114.28410784,115.12680054,3443500,yfinance
2024-09-13,115.35092288,115.45849689,112.65250329,114.06894684,5214500,yfinance
2024-09-16,114.92060681,116.10396188,114.72337869,115.56607819,4589600,yfinance
2024-09-17,116.54324293,117.88797266,116.02327913,117.12595367,3141700,yfinance
2024-09-18,117.43972942,118.45276352,116.95563273,117.12595367,2939600,yfinance
2024-09-19,119.00859134,119.74371689,118.14795822,118.45277405,4092300,yfinance
2024-09-20,115.19850812,115.82604589,113.4413955,115.28816223,14211500,yfinance
2024-09-23,115.9874242,116.00534408,114.61579415,115.4136734,2991700,yfinance
2024-09-24,116.00535024,116.372913,115.30609185,116.11293793,3829500,yfinance
2024-09-25,116.13085501,118.16588319,115.86192001,117.89693451,5048200,yfinance
2024-09-26,118.84721678,120.33537391,118.84721678,119.52854156,3997100,yfinance
2024-09-27,120.1022991,121.56357649,120.1022991,120.36227417,4104400,yfinance
2024-09-30,120.810509,122.75588295,120.810509,122.22695923,4115600,yfinance
2024-10-01,122.19109941,122.33454052,118.34516508,119.4747467,3658500,yfinance
2024-10-02,119.67198443,120.47881678,118.82031133,119.24166107,2258400,yfinance
2024-10-03,118.86514614,118.86514614,116.8390915,117.1887207,3635000,yfinance
2024-10-04,118.20174623,118.73066996,116.91976347,117.66384888,3270500,yfinance
2024-10-07,117.47559268,118.13899766,116.67772019,117.61903381,1955600,yfinance
2024-10-08,117.89693389,118.13898907,116.99148745,117.40387726,2618200,yfinance
2024-10-09,118.27345704,119.63612035,118.12105598,119.23270416,2703900,yfinance
2024-10-10,118.97273759,120.20091981,118.82929646,119.08927155,2462600,yfinance
2024-10-11,119.47477021,120.93603403,119.32236913,120.667099,2429800,yfinance
2024-10-14,120.12918627,120.88223162,119.46578137,120.64019012,2319600,yfinance
2024-10-15,120.97189184,122.28075448,119.83335014,119.94989777,2957500,yfinance
2024-10-16,120.58640352,122.15525502,120.58640352,121.7787323,4056700,yfinance
2024-10-17,121.78769048,122.12834603,121.00773796,121.39323425,3800700,yfinance
2024-10-18,122.04766606,122.32557468,121.19600666,121.85939789,3237500,yfinance
2024-10-21,119.69889594,119.99473816,117.53835993,117.73558807,4414000,yfinance
2024-10-22,117.27838483,118.42588659,116.33707115,117.73558807,3280100,yfinance
2024-10-23,117.65489569,118.42587464,117.02734418,117.80729675,3454500,yfinance
2024-10-24,129.99056128,129.99952122,122.43318556,124.02893066,11959800,yfinance
2024-10-25,124.01993039,125.80394333,122.98000284,123.20412445,4916700,yfinance
2024-10-28,123.11450333,123.52687949,121.17808904,121.33049011,4069000,yfinance
2024-10-29,120.8015531,121.98492182,120.10229474,120.40709686,3061700,yfinance
2024-10-30,120.12919233,121.31256109,119.7706032,119.94989777,2754600,yfinance
2024-10-31,119.81542063,120.95396237,119.25960336,120.1829834,3303600,yfinance
2024-11-01,120.64914795,121.35736623,119.61818033,120.17401123,2266700,yfinance
2024-11-04,120.45192635,120.81948909,118.42587179,119.23270416,2422200,yfinance
2024-11-05,118.96376937,120.00369711,118.39899211,119.98576355,2537900,yfinance
2024-11-06,121.33944735,121.7338899,118.5155068,120.0574646,5624600,yfinance
2024-11-07,121.16015079,121.38427242,120.16505018,120.26366425,3075500,yfinance
2024-11-08,120.22782101,120.23678096,118.55139541,118.73069,3111700,yfinance
2024-11-11,118.92791646,119.88715001,117.65490712,117.98660278,4684100,yfinance
2024-11-12,118.27346716,118.60517649,116.55221458,116.66876221,3243500,yfinance
2024-11-13,117.12595506,120.40709891,116.36394975,119.84230804,5345600,yfinance
2024-11-14,119.81541962,120.06643475,118.37207575,118.90997314,2971300,yfinance
2024-11-15,118.58724455,120.22781664,118.41690991,120.1919632,3337600,yfinance
2024-11-18,120.06489552,122.79652566,119.81986125,122.63317871,4037800,yfinance
2024-11-19,122.27923357,122.27923357,120.40066077,120.8816452,3835900,yfinance
2024-11-20,121.0450142,121.08130891,118.72176537,119.87430573,3848600,yfinance
2024-11-21,119.5839025,120.29176693,118.89417851,119.22088623,3014700,yfinance
2024-11-22,119.50222634,122.59687285,119.50222634,122.35185242,3677500,yfinance
2024-11-25,123.40456823,125.84579929,123.40456823,124.82029724,5029000,yfinance
2024-11-26,124.52987942,124.86565734,121.88899323,122.47888947,3424800,yfinance
2024-11-27,122.66040092,124.42099186,122.66040092,123.13230133,2453400,yfinance
2024-11-29,122.33368534,123.93999944,122.18847884,123.16860199,1533500,yfinance
2024-12-02,123.54976178,123.54976178,120.82720201,121.62582397,2832300,yfinance
2024-12-03,121.5713841,121.79826409,117.53290906,117.71442413,5604700,yfinance
2024-12-04,117.64182757,117.64182757,115.98106423,116.87042999,4793200,yfinance
2024-12-05,117.44215925,117.68717967,115.66341407,115.79046631,4632500,yfinance
2024-12-06,116.25331338,116.6616946,113.81208246,113.99358368,5745000,yfinance
2024-12-09,114.51086891,116.87948963,113.93913382,116.64353943,6139500,yfinance
2024-12-10,117.34232942,118.81250727,116.21699973,118.17724609,6415900,yfinance
2024-12-11,118.27708326,118.42228978,116.95209797,117.17897797,7485500,yfinance
2024-12-12,117.30602251,117.4693833,115.799543,117.05191803,4980100,yfinance
2024-12-13,117.09729867,117.10636888,115.7813975,116.8522644,4284800,yfinance
2024-12-16,116.68892188,118.24985737,116.37128434,116.66169739,4515900,yfinance
2024-12-17,116.16256219,116.94302996,115.05538666,115.5454483,3549500,yfinance
2024-12-18,115.16428861,115.37301433,112.30559924,112.36912537,4849400,yfinance
2024-12-19,112.5960117,113.13145213,111.01692876,111.3073349,6391800,yfinance
2024-12-20,112.56877387,115.09167819,110.72650951,114.05710602,12899000,yfinance
2024-12-23,113.73947926,114.28398986,112.75935603,114.12063599,3419000,yfinance
2024-12-24,113.63058203,114.62885268,112.98624364,114.58348083,1579200,yfinance
2024-12-26,113.96636038,115.30948607,113.83930814,114.67422485,3011100,yfinance
2024-12-27,114.21138479,115.12798188,113.75762482,114.44734192,2904000,yfinance
2024-12-30,113.57612336,114.1932372,112.72305239,113.73040009,2953900,yfinance
2024-12-31,113.78486265,114.46550269,113.47630915,114.4382782,3400800,yfinance
2025-01-02,115.29134175,115.45469562,112.11502174,112.414505,3050500,yfinance
2025-01-03,112.49617279,112.83195766,111.40715161,112.34189606,3490400,yfinance
2025-01-06,113.16774348,113.44000225,112.36005122,112.72306061,5049200,yfinance
2025-01-07,113.6033457,115.32763496,112.54154904,113.42184448,3725300,yfinance
2025-01-08,114.26584845,115.05538643,113.63965742,115.03723907,4536300,yfinance
2025-01-10,113.44907141,113.83022812,111.53420375,111.87905884,5231800,yfinance
2025-01-13,111.93350265,113.59426575,110.31811831,113.44906616,6939200,yfinance
2025-01-14,113.77578009,114.28398905,113.04068421,114.20230865,4247600,yfinance
2025-01-15,115.70880408,116.12626247,114.87388732,115.68157959,4315900,yfinance
2025-01-16,117.53290831,118.57656461,116.86135239,117.92314911,5471300,yfinance
2025-01-17,118.11371592,118.5039567,117.46030045,117.7325592,4261100,yfinance
2025-01-21,118.35874752,121.21744361,118.11371326,120.58216858,5282700,yfinance
2025-01-22,120.39159868,121.09037907,119.11199224,120.29177094,4420700,yfinance
2025-01-23,120.64570171,121.30818738,119.80170098,121.2537384,3282600,yfinance
2025-01-24,121.06316445,121.51692446,120.27362647,120.72738647,3212300,yfinance
2025-01-27,121.5169058,124.20317072,121.37171314,123.65865326,4944400,yfinance
2025-01-28,123.20490815,124.3211677,122.83283548,122.89635468,3094500,yfinance
2025-01-29,123.4499477,123.94908648,121.27190518,121.40802765,4262100,yfinance
2025-01-30,106.53377068,107.06921107,99.48234343,104.27404785,41170400,yfinance
2025-01-31,104.37388014,105.80775652,102.87647071,103.66601562,15844600,yfinance
2025-02-03,101.94171585,102.15044156,99.28268217,100.99789429,12635200,yfinance
2025-02-04,101.04326074,101.77835656,100.01776576,101.43349457,9347800,yfinance
2025-02-05,101.38812929,102.25027046,100.74379096,101.55148315,7122900,yfinance
2025-02-06,101.95986302,103.3392972,101.88725977,102.97628784,6318200,yfinance
2025-02-07,103.33929901,103.42097248,102.20489907,102.64958191,4830700,yfinance
2025-02-10,103.02166649,104.15606648,102.33195628,103.60248566,6101500,yfinance
2025-02-11,103.45727845,104.10161681,102.9309152,103.93826294,4589100,yfinance
2025-02-12,102.86739078,104.21959364,102.8129418,103.6932373,5172900,yfinance
2025-02-13,103.94733945,105.3902929,103.77490844,104.94561005,5854000,yfinance
2025-02-14,105.32676309,105.96203121,104.96376065,105.4719696,5942300,yfinance
2025-02-18,105.44436237,106.57658508,104.86443691,106.24520111,5407800,yfinance
2025-02-19,105.82176032,106.26360793,105.16819949,105.85858154,4252000,yfinance
2025-02-20,105.83097017,107.35901217,105.72050651,107.33139801,5801200,yfinance
2025-02-21,107.19331949,107.56152466,106.09791805,107.08286285,6459900,yfinance
2025-02-24,107.31300392,108.69376823,106.65023593,106.9263916,6269900,yfinance
2025-02-25,107.20252495,108.93308011,107.20252495,108.72136688,4985600,yfinance
2025-02-26,108.71215842,109.14479896,107.44185798,107.5983429,3445300,yfinance
2025-02-27,107.69960732,109.29209179,107.69040026,108.27952576,4821600,yfinance
2025-02-28,108.43600708,110.1205339,108.43600708,109.56822968,8754900,yfinance
2025-03-03,110.29544368,111.36323803,109.32890594,109.77996063,5165100,yfinance
2025-03-04,109.07115743,109.22764937,107.33139522,107.50629425,5387000,yfinance
2025-03-05,108.14145029,110.08371872,107.99416541,109.55902863,6812000,yfinance
2025-03-06,109.48540178,110.99503679,108.77660554,110.92139435,5742100,yfinance
2025-03-07,110.09292903,111.98918328,109.83518751,111.95236206,5635800,yfinance
2025-03-10,111.41845735,113.86700868,110.50715502,111.03184509,6279900,yfinance
2025-03-11,110.7096696,110.9950323,106.72386897,107.11048126,6498300,yfinance
2025-03-12,106.68703343,106.84351833,105.81254535,106.09790802,4970900,yfinance
2025-03-13,106.56737378,108.13224403,105.82176339,106.07030487,4629100,yfinance
2025-03-14,106.5857882,107.62596133,105.94142738,107.47868347,4020700,yfinance
2025-03-17,107.69960102,109.33810664,107.62595858,108.67533875,4427900,yfinance
2025-03-18,108.65694092,109.54062919,108.49124893,109.41175842,3930700,yfinance
2025-03-19,108.96070016,109.42095486,107.01842476,108.1322403,5010300,yfinance
2025-03-20,107.02763023,108.81342081,107.00922313,107.68119812,3655600,yfinance
2025-03-21,105.2694552,106.24519291,103.52048594,105.95063019,19575300,yfinance
2025-03-24,106.52135878,107.87450884,106.08871819,106.59500122,6611600,yfinance
2025-03-25,106.62261457,106.7790995,101.15478602,101.21001434,10645500,yfinance
2025-03-26,101.90038256,103.4192244,101.58741276,102.18574524,6609200,yfinance
2025-03-27,102.01084621,102.89453435,101.64264107,102.18574524,4031700,yfinance
2025-03-28,102.41588317,102.48951859,100.90624824,100.94306946,3284100,yfinance
2025-03-31,100.34472334,102.04766418,99.69116256,101.24681854,6536100,yfinance
2025-04-01,101.26524936,101.34809184,99.58071533,100.57486725,5877400,yfinance
2025-04-02,100.19744587,101.71628777,99.95811146,101.44013214,4540000,yfinance
2025-04-03,98.25516732,98.85349981,92.02332203,92.16139984,10057700,yfinance
2025-04-04,90.51369629,92.5940426,88.89359769,89.94297791,9567700,yfinance
2025-04-07,87.44839939,91.31453635,85.81910072,87.96388245,8729800,yfinance
2025-04-08,90.02582796,90.02582796,83.49941224,84.61322784,8233800,yfinance
2025-04-09,83.93205277,92.22584496,83.35213434,91.73797607,8849800,yfinance
2025-04-10,90.32038357,90.32958361,86.50947527,88.88438416,7553700,yfinance
2025-04-11,88.13877321,91.77478245,86.16888369,89.36305237,5544100,yfinance
2025-04-14,90.6425687,92.91622822,90.20072106,90.82666779,4926900,yfinance
2025-04-15,90.66097445,90.73461689,88.57142107,88.8291626,5767000,yfinance
2025-04-16,88.78312888,88.96723497,86.08603605,86.71198273,4632800,yfinance
2025-04-17,87.39316765,89.58397756,87.13542613,88.76472473,4740100,yfinance
2025-04-21,87.97308287,88.68187202,87.09860175,88.59902954,3930800,yfinance
2025-04-22,88.61744549,90.02583091,88.42413934,89.14213562,4305300,yfinance
2025-04-23,90.74381985,91.88524956,89.26179913,89.48271942,5817200,yfinance
2025-04-24,89.28941675,91.11202856,88.63585588,91.05679321,6641000,yfinance
2025-04-25,90.24674652,90.80825785,89.39067246,90.12708282,4577700,yfinance
2025-04-28,90.11787849,91.09361628,88.84757093,89.37226105,8664600,yfinance
2025-04-29,88.36891091,90.94634029,87.92706326,89.04088593,10314600,yfinance
2025-04-30,88.80155037,88.86598575,86.59232622,87.72455597,9305800,yfinance
2025-05-01,87.31031993,88.45174968,86.13206896,87.08019257,7501500,yfinance
2025-05-02,88.36890876,89.89695785,88.26765216,88.73711395,5689600,yfinance
2025-05-05,88.06513905,88.78313531,87.45760645,87.96388245,5406800,yfinance
2025-05-06,87.44839769,87.92705951,86.3529892,86.3529892,5154300,yfinance
2025-05-07,86.26093862,86.87767826,85.79147684,86.49106598,5890000,yfinance
2025-05-08,87.16303909,89.79569658,86.94211177,89.24338531,6649600,yfinance
2025-05-09,89.47351187,89.94297364,88.09274775,88.26764679,5619000,yfinance
2025-05-12,92.59403841,94.66518459,92.37311812,93.16475677,8336500,yfinance
2025-05-13,93.32124477,93.39488721,91.41579051,91.87604523,7031800,yfinance
2025-05-14,91.91286647,92.19822918,90.92792165,91.7287674,6175500,yfinance
2025-05-15,91.95889672,92.42835851,91.3513571,92.37312317,4523300,yfinance
2025-05-16,93.22918525,93.56977624,92.37311128,93.26600647,6321200,yfinance
2025-05-19,92.10581745,92.76077265,92.04032194,92.73270416,6217700,yfinance
2025-05-20,92.26487018,92.62041624,91.10466086,91.27307892,4671800,yfinance
2025-05-21,90.47776934,90.9455965,89.64503757,89.6824646,5298600,yfinance
2025-05-22,89.58889315,91.02044299,89.12106603,90.73039246,5179900,yfinance
2025-05-23,89.45790769,89.98187181,89.10236163,89.23335266,3318500,yfinance
2025-05-27,90.22514354,91.43213843,89.76667494,91.27307892,6117400,yfinance
2025-05-28,91.36663892,91.74090205,90.31870359,90.51519012,3816500,yfinance
2025-05-29,91.02045294,92.00289285,90.57134285,91.78768921,4593900,yfinance
2025-05-30,91.43214335,91.69412542,90.4122764,91.26372528,6763200,yfinance
2025-06-02,91.01107855,91.25435063,89.76666392,91.09529114,4274800,yfinance
2025-06-03,90.70232145,92.08708568,90.02864927,91.76896667,4098100,yfinance
2025-06-04,91.9467358,92.4145629,91.49762578,92.20872498,3933800,yfinance
2025-06-05,92.38650214,92.44264625,90.36549259,90.63683319,4584200,yfinance
2025-06-06,91.62861524,92.39585139,91.62861524,91.92802429,3043400,yfinance
2025-06-09,92.16194502,93.37829842,92.10580805,92.91982269,4037200,yfinance
2025-06-10,93.24730646,96.05426923,93.19116235,95.86713409,6902500,yfinance
2025-06-11,96.0074909,96.67180461,94.45430129,94.65079498,4917400,yfinance
2025-06-12,94.55722242,94.55722242,93.73384919,94.42623138,3106400,yfinance
2025-06-13,93.93033429,94.95955259,93.29408908,93.56542969,4240000,yfinance
2025-06-16,94.42622187,94.95019308,94.06131729,94.58528137,4293700,yfinance
2025-06-17,94.07068226,94.41687691,92.92918289,93.25666046,3800500,yfinance
2025-06-18,93.20987746,93.79933706,92.61105932,92.8262558,4363000,yfinance
2025-06-20,93.31280778,94.042617,92.73269953,92.88240051,11096600,yfinance
2025-06-23,92.75139719,93.98646043,92.37714122,93.93968201,5077200,yfinance
2025-06-24,94.70692181,95.0531093,93.66834505,94.1455307,3686800,yfinance
2025-06-25,93.21923238,93.82740908,92.2742267,92.97596741,6058100,yfinance
2025-06-26,93.68705716,94.78177805,93.36893814,94.1268158,4161700,yfinance
2025-06-27,94.5010842,95.39931147,93.96776153,94.66950226,5869900,yfinance
2025-06-30,94.65079137,94.75370678,93.80870109,94.44494629,5446800,yfinance
2025-07-01,94.26716035,99.07642235,94.23909187,97.7477951,6819300,yfinance
2025-07-02,97.54195988,99.07643235,97.26126074,98.74895477,5243200,yfinance
2025-07-03,99.58167982,99.60974831,97.42967224,97.42967224,2961300,yfinance
2025-07-07,97.30804545,97.57938605,94.29523752,94.36073303,5299800,yfinance
2025-07-08,94.77242237,97.02734546,94.68820977,95.7922821,6511400,yfinance
2025-07-09,96.29753807,96.6063057,95.34317383,95.5770874,4566500,yfinance
2025-07-10,96.1291207,97.76651572,95.88585572,96.29753876,3645800,yfinance
2025-07-11,95.6519423,96.27882896,94.67886097,94.75370789,4342900,yfinance
2025-07-14,94.50107701,94.57593106,93.16309118,93.67770386,4030600,yfinance
2025-07-15,93.8461292,94.18296531,93.11631284,93.12567139,4033400,yfinance
2025-07-16,93.29409234,93.78063659,92.19937849,93.21923828,4782700,yfinance
2025-07-17,92.93853571,93.56542233,91.94673738,93.09759521,3949900,yfinance
2025-07-18,93.3034442,93.35958117,92.23679891,92.83561707,4572400,yfinance
2025-07-21,93.15372953,93.19115656,92.37714198,92.53620148,3750200,yfinance
2025-07-22,92.81690088,94.7069265,92.62977288,94.63207245,5751700,yfinance
2025-07-23,95.17474668,97.25190015,94.87533762,96.8682785,5079500,yfinance
2025-07-24,96.48466451,96.84021054,95.53965176,95.93262482,3676800,yfinance
2025-07-25,96.25075808,97.45775295,95.69871834,96.89635468,5473600,yfinance
2025-07-28,96.42852653,96.7185842,94.76306307,95.04376221,7045900,yfinance
2025-07-29,91.87189161,91.87189161,84.88255333,84.99482727,26112300,yfinance
2025-07-30,84.94805565,85.1445422,81.4112835,81.57034302,20976500,yfinance
2025-07-31,81.30834888,81.47676692,80.2417037,80.6159668,15782000,yfinance
2025-08-01,80.22299153,80.97151777,78.85693722,79.06278229,11276600,yfinance
2025-08-04,79.90486957,80.56918319,79.31540286,79.54931641,8579500,yfinance
2025-08-05,79.54931447,81.45804984,79.427682,81.19606781,9513400,yfinance
2025-08-06,81.21479275,81.38321081,80.21364298,80.70018005,6331600,yfinance
2025-08-07,81.24286219,82.02880835,80.87795759,80.92473602,6839200,yfinance
2025-08-08,80.93409539,81.4487081,80.23235468,81.09315491,6285100,yfinance
2025-08-11,81.54227043,82.56213015,80.21364309,80.75631714,8701400,yfinance
2025-08-12,81.05572636,82.59955732,80.93409387,81.80425262,7308600,yfinance
2025-08-13,82.44050119,82.61827779,80.83117465,82.5059967,13633200,yfinance
2025-08-14,81.41128718,83.56328791,81.08380959,82.85219574,12487300,yfinance
2025-08-15,82.88026139,83.65685619,82.50599824,82.78669739,8897400,yfinance
2025-08-18,82.93921857,83.35868361,82.35769013,82.47209167,9385600,yfinance
2025-08-19,82.79622645,84.18807927,82.60556447,83.70188904,7227600,yfinance
2025-08-20,83.09175156,84.31200553,82.82481464,82.88201904,7076400,yfinance
2025-08-21,82.7962151,82.86294751,81.9668276,82.12889099,6193200,yfinance
2025-08-22,82.41488924,85.13186953,82.34815683,84.67427063,10230700,yfinance
2025-08-25,84.41687388,84.52174014,83.39681711,83.64467621,6029900,yfinance
2025-08-26,83.51121141,84.14993698,82.9773521,83.37774658,5478000,yfinance
2025-08-27,83.52074789,83.94021294,83.08221956,83.75907898,5482200,yfinance
2025-08-28,84.0832014,84.12133524,82.42441913,83.1966095,8618500,yfinance
2025-08-29,83.14895582,84.40734375,82.94875857,83.35868835,6838500,yfinance
2025-09-02,82.57695897,82.7962195,80.85143692,81.25183868,10058800,yfinance
2025-09-03,81.38530395,81.87149414,80.82283879,81.30903625,7430900,yfinance
2025-09-04,81.64269478,81.69036391,79.7646447,80.53684235,10741500,yfinance
2025-09-05,80.66077185,82.31001886,80.26037738,81.0707016,8585400,yfinance
2025-09-08,81.08023783,81.08023783,79.17358915,80.38430786,11783700,yfinance
2025-09-09,80.29851552,80.96583967,80.12691684,80.46057892,7889700,yfinance
2025-09-10,80.41291098,81.19463669,79.81231923,79.93624878,6684600,yfinance
2025-09-11,78.5825322,80.90864611,78.17260241,80.69891357,10453500,yfinance
2025-09-12,80.83237552,81.05163605,79.95531883,80.41291046,5545500,yfinance
2025-09-15,80.90864393,81.19463689,79.99345339,80.09831238,6389000,yfinance
2025-09-16,80.48917193,81.36622856,80.3747704,81.22322845,6185500,yfinance
2025-09-17,81.09930498,82.33862959,79.8218538,80.25084686,9007000,yfinance
2025-09-18,80.71797044,81.11836492,80.07924487,81.08023834,8067300,yfinance
2025-09-19,81.13743759,81.61409977,80.08878224,80.13644409,18120200,yfinance
2025-09-22,79.88858555,81.69989604,79.24985269,80.29851532,10224300,yfinance
2025-09-23,80.52730516,81.72849582,80.19364311,80.47010803,7486300,yfinance
2025-09-24,80.37477645,81.05163589,79.80278328,79.98391724,6988400,yfinance
2025-09-25,79.88858949,80.06971618,78.5158,78.72553253,9021100,yfinance
2025-09-26,78.87805582,79.96484501,78.78272484,79.81231689,6845800,yfinance
2025-09-29,80.01251361,80.57497149,79.56445,80.5559082,7275300,yfinance
2025-09-30,80.55591329,80.60358242,78.78272929,79.63118744,9876200,yfinance
2025-10-01,79.49771637,80.65123795,79.43098396,80.44150543,7074800,yfinance
2025-10-02,80.7179725,83.04408628,80.59404295,81.57596588,9815500,yfinance
2025-10-03,81.69989253,83.25381585,81.43296288,82.72948456,7098900,yfinance
2025-10-06,82.80575351,82.98688746,81.77616147,82.5769577,6987000,yfinance
2025-10-07,82.958286,83.34915249,81.79523634,81.96683502,4726800,yfinance
2025-10-08,81.85243198,83.05362274,81.23276968,82.22422791,4896000,yfinance
2025-10-09,82.25283158,82.44350083,80.91817591,81.29950714,5784700,yfinance
2025-10-10,81.41390071,82.04309099,78.69692777,79.00199127,8506000,yfinance
2025-10-13,79.2975235,80.06971393,78.99245998,79.2975235,6132200,yfinance
2025-10-14,78.64925932,80.36524607,78.17259714,80.12691498,6306800,yfinance
2025-10-15,80.30804681,80.96584298,79.70745505,80.16504669,4903000,yfinance
2025-10-16,80.79424207,81.72850317,79.93624866,81.6427002,7056200,yfinance
2025-10-17,81.67129712,82.72948775,81.26136735,82.37676239,9396100,yfinance
2025-10-20,82.6055577,83.41588196,82.36722661,82.85342407,5456500,yfinance
2025-10-21,82.70088501,84.55986453,82.33862439,83.94973755,6181500,yfinance
2025-10-22,83.65421325,84.09274159,82.87248756,83.01548767,5258500,yfinance
2025-10-23,83.4444814,84.34060864,82.27189649,82.96781921,5764800,yfinance
2025-10-24,83.81628048,84.18807642,83.0726886,83.1489563,5256200,yfinance
2025-10-27,84.10227864,85.15093401,84.10227864,85.05560303,12012900,yfinance
2025-10-28,93.85478741,95.87583782,90.56582103,91.86234283,30027000,yfinance
2025-10-29,92.37713571,93.70225605,91.26174791,92.85379791,10789200,yfinance
2025-10-30,92.54873574,93.71179269,90.43235438,90.62301636,10073600,yfinance
2025-10-31,90.48953873,92.377124,90.16541197,91.91952515,7305400,yfinance
2025-11-03,91.91000752,91.91000752,89.22162577,89.69828796,7693100,yfinance
2025-11-04,89.37416128,90.18448555,88.54476644,88.89749908,6457700,yfinance
2025-11-05,88.11577298,89.64109054,86.84784981,88.57337189,6215300,yfinance
2025-11-06,88.75449323,89.53621889,88.30642964,89.2311554,6571800,yfinance
2025-11-07,89.04050083,91.72887536,88.84983158,91.47147369,7741700,yfinance
2025-11-10,91.3666104,91.4428781,87.75351719,88.71636963,9771900,yfinance
2025-11-11,89.43135686,91.04247738,88.52570162,90.59441376,6859200,yfinance
2025-11-12,91.09015073,91.99580601,90.89948148,91.69074249,5814500,yfinance
2025-11-13,91.61447674,92.58687173,91.28081464,91.49054718,6119500,yfinance
2025-11-14,91.24267464,92.19599901,90.7183506,91.50007629,6583000,yfinance
2025-11-17,91.38367946,92.53785904,90.74354401,91.35458374,6488200,yfinance
2025-11-18,90.78234744,90.85994097,89.29840638,90.03553009,6347800,yfinance
2025-11-19,90.42348897,91.17030631,89.59907071,89.62817383,5604300,yfinance
2025-11-20,89.98703603,91.01512441,88.10543362,88.13453674,7452700,yfinance
2025-11-21,88.82315597,93.32347679,88.56127967,91.81044006,8913200,yfinance
2025-11-24,91.84922733,91.89772513,90.53986808,90.74354553,6554600,yfinance
2025-11-25,91.21879865,92.5087558,90.7241492,91.69404602,5840200,yfinance
2025-11-26,91.41277966,92.91612276,90.93753227,92.79003143,4685800,yfinance
2025-11-28,92.6542426,93.4495577,92.42146943,92.90641785,2554800,yfinance
2025-12-01,92.663951,93.7502382,92.16930151,92.35358429,4772500,yfinance
2025-12-02,92.56695856,93.11009843,91.65525315,92.70274353,4854500,yfinance
2025-12-03,93.16829081,95.29236732,93.00341012,95.25357056,7259000,yfinance
2025-12-04,95.35056212,95.71912768,91.65525729,91.90743256,9451300,yfinance
2025-12-05,92.14020594,92.96461683,91.73285102,92.01412201,5523600,yfinance
2025-12-08,92.17900315,93.52715927,92.01412245,92.67365265,5617400,yfinance
2025-12-09,92.72214191,94.26428182,92.65424942,94.05090332,4738300,yfinance
2025-12-10,94.21578359,97.09637854,94.17698682,96.64052582,7188100,yfinance
2025-12-11,97.09637385,98.15355786,96.01978775,97.45523834,5264200,yfinance
2025-12-12,98.01777349,98.59971752,97.00907988,97.88198853,4510200,yfinance
2025-12-15,97.95958342,98.21175868,96.74721234,97.05757904,5061700,yfinance
2025-12-16,97.12547023,97.64921542,96.1361787,97.09637451,4841800,yfinance
2025-12-17,97.16426565,98.34754097,96.90239676,97.920784,5978800,yfinance
2025-12-18,98.27964981,99.79268653,98.14386484,99.00707245,7611600,yfinance
2025-12-19,98.06626887,99.11375922,97.10607308,98.85188293,17317500,yfinance
2025-12-22,98.57061703,98.92948154,97.0187835,97.69771576,5464400,yfinance
2025-12-23,97.65891387,97.86259131,96.87329241,97.17396545,4645300,yfinance
2025-12-24,97.18366271,98.02747564,96.89269809,97.62982178,1845500,yfinance
2025-12-26,97.49402565,97.85289014,96.94118476,97.51342773,2856700,yfinance
2025-12-29,97.48432978,97.95957714,96.07797498,96.67931366,4352600,yfinance
2025-12-30,96.71811935,97.15456999,96.4950398,96.64052582,3397900,yfinance
2025-12-31,96.56292814,96.80540236,96.06828608,96.20407104,3926400,yfinance
2026-01-02,96.31076458,98.1632638,95.44755693,97.97898102,5032000,yfinance
2026-01-05,97.91108683,99.23984821,97.56192336,98.92948151,5733600,yfinance
2026-01-06,99.00706825,102.07193832,99.00706825,102.05254364,6936000,yfinance
2026-01-07,102.34351351,103.15823072,100.96626175,102.23683167,5688200,yfinance
2026-01-08,101.46091307,104.7003651,100.99535932,103.7498703,6294100,yfinance
2026-01-09,105.23381726,106.3685949,103.52679659,104.80706024,5504400,yfinance
2026-01-12,104.61308103,105.38900152,103.9438498,104.77796173,4335900,yfinance
2026-01-13,103.86625464,104.79736216,102.95455659,103.37161255,4706200,yfinance
2026-01-14,103.28431383,104.72946547,103.11943315,104.16692352,4042200,yfinance
2026-01-15,104.47728821,105.70905393,103.99233979,105.35019684,4133300,yfinance
2026-01-16,104.8264585,105.37929944,103.60438634,103.69168091,4669300,yfinance
2026-01-20,102.80907186,103.92445478,101.98466097,103.33281708,5601000,yfinance
2026-01-21,104.25420571,106.02911864,103.87594655,105.21440887,3950700,yfinance
2026-01-22,105.70905443,106.72744907,105.59267154,106.00972748,3487300,yfinance
2026-01-23,106.26190076,106.40738677,104.32210698,104.7294693,4049600,yfinance
2026-01-26,104.95254036,105.35020163,103.56558753,103.7498703,8194000,yfinance
2026-01-27,103.46859544,109.27827545,101.59669423,103.97293854,14449300,yfinance
2026-01-28,104.30270823,104.92344162,100.47161123,100.57830048,9254900,yfinance
2026-01-29,101.23782771,103.98263749,101.07294702,102.79936218,10939800,yfinance
2026-01-30,102.66358878,104.57428692,102.09135314,103.02245331,7186700,yfinance
2026-02-02,103.371609,107.3384836,103.05154126,106.95052338,8662400,yfinance
2026-02-03,107.348186,110.85921534,107.32879132,108.48296356,7698600,yfinance
2026-02-04,109.5983491,113.41004419,109.54015765,113.22576141,11371500,yfinance
2026-02-05,112.50803479,113.14817026,111.44114973,113.04148102,6624500,yfinance
2026-02-06,112.79900726,114.1956537,112.34315456,113.80769348,6738200,yfinance
2026-02-09,113.64281659,114.44783278,112.50803901,114.37023926,5221000,yfinance
2026-02-10,114.69030413,115.96086666,113.85619224,115.12675476,5845200,yfinance
2026-02-11,116.09665462,117.26053533,115.69900074,116.38762665,6649600,yfinance
2026-02-12,116.7561836,118.72508048,113.52643262,114.51572418,10174100,yfinance
2026-02-13,114.61270811,116.38762111,113.53612202,115.65049744,4973500,yfinance
2026-02-17,115.49315985,116.24055567,113.50664187,113.59515381,5234300,yfinance
2026-02-18,113.26078185,114.43105717,112.31669703,114.19503784,4359500,yfinance
2026-02-19,113.683652,114.15569816,112.60188864,113.62464905,3845400,yfinance
2026-02-20,113.17228063,115.19812889,112.39537583,114.7949295,4947500,yfinance
2026-02-23,114.2442035,114.42121987,112.57238805,113.11326599,5181500,yfinance
2026-02-24,113.01492906,114.41138742,112.60189335,113.45747375,2658000,yfinance
2026-02-25,113.47714118,113.83117394,111.07758747,111.96266937,4023500,yfinance
2026-02-26,112.31669801,114.82442872,112.31669801,114.69657898,5314300,yfinance
2026-02-27,114.03768921,114.98177405,113.15260733,114.03768921,6239600,yfinance
2026-03-02,112.52321625,113.33945884,111.29393795,112.52321625,5013000,yfinance
2026-03-03,111.01858344,111.7069763,109.03207297,111.35295105,4839900,yfinance
2026-03-04,111.64796692,113.70332406,107.68477503,108.66819763,11433900,yfinance
2026-03-05,108.12731773,108.61902905,101.52855262,102.34479523,11566300,yfinance
2026-03-06,100.18126436,100.7221423,97.76204563,100.66313934,9494800,yfinance
2026-03-09,99.29618831,99.29618831,95.40183543,98.28326416,10354800,yfinance
2026-03-10,98.56845277,100.53529802,97.89972509,99.24700928,6255500,yfinance
2026-03-11,99.27651283,99.81739828,98.21442207,99.12900543,4053200,yfinance
2026-03-12,97.97839574,97.97839574,95.80503259,96.26724243,6366300,yfinance
2026-03-13,96.601606,97.13264761,95.35265509,95.59851074,4431500,yfinance
2026-03-16,96.35575682,96.76879255,95.78536987,95.78536987,4867700,yfinance
2026-03-17,97.00481138,97.4178471,95.81487085,96.14923096,4187600,yfinance
2026-03-18,95.78536379,96.08038607,94.64458996,95.23464203,5417800,yfinance
2026-03-19,94.18238475,95.39199792,93.43498893,94.95928955,5304800,yfinance
2026-03-20,95.48050258,96.02138805,93.59233287,94.27089691,34639800,yfinance
2026-03-23,95.87387169,97.72271106,95.27398327,96.05088806,7412100,yfinance
2026-03-24,95.44117147,97.22116407,94.6740955,96.80812836,4249800,yfinance
2026-03-25,97.63419904,97.94889398,95.96238354,96.73928833,3351000,yfinance
2026-03-26,96.26723936,97.29983611,95.58867535,95.88370514,3790900,yfinance
2026-03-27,94.90028535,95.33299371,92.50073169,93.22846985,5914700,yfinance
2026-03-30,94.52658675,94.80194389,93.1301209,93.37597656,5232600,yfinance
2026-03-31,95.17564029,96.79828912,94.18238134,96.74911499,6868300,yfinance
2026-04-01,97.21132316,98.04723087,96.07055684,96.28691101,5101600,yfinance
2026-04-02,94.44791294,97.23100086,93.93652896,96.55243683,4060300,yfinance
2026-04-06,96.42459247,96.42459247,94.79210729,95.54934692,4690800,yfinance
2026-04-07,95.18547672,96.26724011,94.04470287,95.95254517,4480900,yfinance
2026-04-08,98.53894202,99.85673221,97.61452987,98.78479767,5926700,yfinance
2026-04-09,98.33242924,100.17143231,98.06690843,99.95507812,4361800,yfinance
2026-04-10,100.46645724,100.70247656,99.58137539,100.01407623,4491000,yfinance
2026-04-13,99.2076723,100.41728544,98.2734238,100.3287735,3799900,yfinance
2026-04-14,100.35828553,101.75474391,99.5322066,101.50888824,4703600,yfinance
2026-04-15,101.24335602,101.98092299,100.33860901,101.85308075,5193500,yfinance
2026-04-16,101.64656674,103.98710997,101.64656674,103.31838226,5295700,yfinance
2026-04-17,104.41981461,105.80643661,103.81008988,104.67550659,5506200,yfinance
2026-04-20,103.97727586,105.71793058,103.78058684,105.33439636,3639300,yfinance
2026-04-21,105.74743768,106.35716243,103.82976649,104.54766083,4082200,yfinance
2026-04-22,105.22622067,105.22622067,103.52489623,103.55440521,3634500,yfinance
2026-04-23,104.67550825,106.50467496,104.28213769,105.93428802,4422800,yfinance
2026-04-24,105.59992051,105.95395326,104.69517348,105.24588776,4168000,yfinance
2026-04-27,105.43273934,106.72102059,105.34423491,106.44566345,6570600,yfinance
2026-04-28,102.26611609,104.19362353,98.78479912,102.21694946,12540100,yfinance
2026-04-29,102.86600788,104.98036809,101.6465659,104.84268951,6216600,yfinance
2026-04-30,104.99020063,107.30124228,104.9803643,106.99638367,6091200,yfinance
2026-05-01,107.56676627,108.01913979,105.17704894,105.78677368,4225200,yfinance
2026-05-04,100.6238045,101.12535214,94.38890854,94.71343231,18538500,yfinance
2026-05-05,94.98879081,96.76879092,94.91995152,96.44425964,7129300,yfinance
2026-05-06,97.29000027,99.11916694,96.94580385,98.23408508,7358700,yfinance
2026-05-07,98.69629715,99.43386413,97.70303818,98.44060516,5808700,yfinance
2026-05-08,99.06016259,99.35518488,98.35209712,99.10932922,4780800,yfinance
2026-05-11,99.05032776,99.19784265,98.13574442,98.34226227,5328000,yfinance
2026-05-12,98.72579953,98.72579953,95.29365657,96.80812836,6197700,yfinance
2026-05-13,96.65077497,97.58503097,96.38525416,96.81795502,5029800,yfinance
2026-05-14,97.4080132,98.34226168,96.31641349,96.78845215,5443700,yfinance
2026-05-15,96.54259762,97.66369881,95.91320774,97.29000092,5567500,yfinance
2026-05-18,96.81999969,97.23000336,94.48999786,95.52999878,6396200,yfinance
2026-05-19,95.16999817,96.87000275,93.86000061,96.83000183,5199500,yfinance
2026-05-20,96.69999695,98.95999908,96.15000153,98.87000275,4792500,yfinance
2026-05-21,98.16000366,99.11000061,97.15000153,98.25,4478400,yfinance
2026-05-22,99.19999695,101.16999817,98.83000183,101.01999664,4540300,yfinance
2026-05-26,101.51000214,102.66999817,101.44000244,101.97000122,4609600,yfinance
2026-05-27,102.88999939,104.84999847,102.88999939,104.47000122,6114100,yfinance
2026-05-28,104.0,106.87999725,103.05000305,106.66999817,6192700,yfinance
2026-05-29,106.59999847,107.30999756,105.38999939,106.69000244,10464200,yfinance
2026-06-01,105.55999756,109.72000122,105.05999756,109.01999664,6088500,yfinance
2026-06-02,109.27999878,110.33999634,108.12000275,108.93000031,5894400,yfinance
2026-06-03,108.83999634,110.94999695,108.37000275,108.66999817,6303800,yfinance
2026-06-04,109.87000275,111.22000122,109.58000183,110.22000122,5759800,yfinance
2026-06-05,110.48000336,110.69999695,108.51999664,108.54000092,4048200,yfinance
2026-06-08,109.26999664,109.36000061,107.62000275,107.69999695,4544500,yfinance
2026-06-09,108.20999908,109.19999695,106.06999969,107.87000275,5901900,yfinance
2026-06-10,105.80000305,105.98999786,102.83000183,103.26000214,5569600,yfinance
2026-06-11,103.75,108.66000366,103.65000153,108.65000153,5086900,yfinance
2026-06-12,109.97000122,110.45999908,107.25,108.09999847,3714500,yfinance
2026-06-15,108.72000122,110.62000275,108.26000214,108.83000183,4890000,yfinance
2026-06-16,109.05000305,110.83000183,109.05000305,110.01999664,4986600,yfinance
2026-06-17,109.88999939,110.01000214,104.93000031,105.12999725,4759700,yfinance
2026-06-18,106.08999634,107.62000275,104.81999969,104.86000061,13306400,yfinance
2026-06-22,104.90000153,108.80000305,104.90000153,107.23999786,5483400,yfinance
2026-06-23,106.94999695,107.38999939,105.30000305,105.83000183,4023900,yfinance
2026-06-24,105.65000153,106.27999878,102.84999847,106.13999939,4999900,yfinance
2026-06-25,106.20999908,109.40000153,106.20999908,109.30999756,5819500,yfinance
2026-06-26,108.65000153,109.26000214,107.51999664,108.13999939,6288600,yfinance
2026-06-29,108.04000092,108.43000031,106.87000275,108.01000214,3077600,yfinance
2026-06-30,107.93000031,108.0,106.04000092,107.5,3363900,yfinance
2026-07-01,108.04000092,111.05999756,107.30000305,109.54000092,4218600,yfinance
2026-07-02,110.31999969,110.83999634,109.26999664,110.66000366,3377000,yfinance
2026-07-06,110.76999664,110.76999664,109.02999878,110.01999664,3169300,yfinance
2026-07-07,110.72000122,112.30000305,109.81999969,111.95999908,4619300,yfinance
2026-07-08,111.52999878,111.52999878,109.02999878,109.94000244,3752500,yfinance
2026-07-09,110.83000183,113.22000122,108.51000214,110.73999786,6272900,yfinance
2026-07-10,111.77999878,113.41000366,111.11000061,112.47000122,3410400,yfinance
2026-07-13,113.04000092,113.98000336,112.61000061,112.88999939,2866400,yfinance
2026-07-14,113.37999725,114.01999664,111.33999634,113.66999817,3066700,yfinance
2026-07-15,114.12999725,115.43000031,112.62000275,112.94000244,4072000,yfinance
2026-07-16,113.25,117.31999969,113.25,117.18000031,5057600,yfinance
2026-07-17,116.90000153,118.41999817,116.30999756,117.72000122,7152500,yfinance
2026-07-20,117.90000153,118.08000183,112.66000366,113.15000153,7648300,yfinance
2026-07-21,114.52999878,116.36000061,113.37000275,116.33999634,4349600,yfinance
2026-07-22,116.59999847,117.58000183,115.80999756,115.83999634,3196900,yfinance
2026-07-23,116.52999878,116.80999756,113.84999847,114.09999847,4198400,yfinance
2026-07-24,114.66000366,115.44000244,113.30000305,114.79000092,3881100,yfinance
2026-07-27,114.87000275,114.87000275,112.37000275,112.94999695,6719200,yfinance
2026-07-28,108.59999847,109.19999695,103.08999634,105.52999878,14291000,yfinance
2026-07-29,105.04000092,105.75,103.98000336,104.55999756,6032900,yfinance
2026-07-30,105.19999695,105.48999786,102.83000183,105.26999664,5910500,yfinance
2026-07-31,105.73999786,105.98999786,103.86000061,104.22000122,5610900,yfinance
2026-08-03,105.69999695,107.34999847,105.05999756,106.87000275,5712800,yfinance
2026-08-04,107.12999725,109.41999817,105.65000153,109.11000061,4303200,yfinance
2026-08-05,109.01999664,109.30000305,106.91999817,107.69999695,3936800,yfinance
2026-08-06,107.16999817,107.16999817,103.09999847,103.19999695,8997400,yfinance
2026-08-07,103.19999695,105.25,102.44000244,104.5,5645300,yfinance
